FM_CP01_tot,FM_CP01_A,FM_LPB_tot,FM_LPB_A,FM_BMB_tot,FM_BMB_A,CH_BMB_tot,CH_BMB_A,GM_BLK_tot,GM_BLK_A,GM_CP01_tot,GM_CP01_A,GM_LPB_tot,GM_LPB_A,FM_load01_CP01_A,FM_load02_BMB_A,FM_load03_LPB_A,CP_op_time,CP_op_time(from last mente),Pe_CP01_A,Pth_CP01_A,T_O_CP01_A,T_I_CP01_A,Pe_grid01_A,Tth_strg01_A,T_O_LPB_A,T_I_LPB_A,T_O_BMB_A,T_I_BMB_A,Pe_PV01_A,Pe_PV02_A,T_O_load01_CP01_A,T_I_load01_CP01_A,T_O_load02_BMB_A,T_I_load02_BMB_A,T_O_load03_LPB_A,T_I_load03_LPB_A,Pe_PV02_tot,Pe_BT_A,Pe_BT_O_tot,Pe_BT_I_tot,Pe_CP01_PowerOutage_A,Pe_CP01_PowerOutage_tot,Pth_CP01_SC,Pe_grid_Clubhouse,Flag_demond_mode,Flag_LPB01,Flag_LPB02,Flag_PLP,Flag_BMB,Flag_PBM01,Flag_PBM02,Flag_RA_LPB01,Flag_RB_LPB01,Flag_RA_LPB02,Flag_RB_LPB02,Flag_RA_BMB,Flag_RB_BMB,Flag_FL,Pe_grid_graph,Pe_CP01-001_A,Pe_PV001_A,Pe_PV002_A,Pe_load001_A,Pe_load002_A,Pe_load003_A,Pe_load004_A,Pe_load005_A,Pth_CP01-001_A,Pth_Boiler001_A,Pth_Boiler002_A,Pth_Boiler003_A,Pth_AbsChill001_A,Pth_AbsChill002_A,Pth_AbsChill003_A,Pc_AbsChill001_A,Pc_AbsChill002_A,Pc_AbsChill003_A,Pth_load001_A,Pth_load002_A,Pth_load003_A,Pth_load004_A,Tth_strg001_A,Tth_strg002_A,Tc_strg001_A,Pa_GHP01-001_A,NG_GHP01-001_A,Gas_cons_CP01-001_acq_A,Gas_cons_Boiler001_acq_A,Gas_cons_Boiler002_acq_A,Gas_cons_Boiler003_acq_A,Gas_cons_AbsChill001_acq_A,Gas_cons_AbsChill002_acq_A,Gas_cons_AbsChill003_acq_A,Gas_cons_GHP01-001_acq_A,Gas_cons_CP01-001_A,Gas_cons_Boiler001_A,Gas_cons_Boiler002_A,Gas_cons_Boiler003_A,Gas_cons_AbsChill001_A,Gas_cons_AbsChill002_A,Gas_cons_AbsChill003_A,Gas_cons_GHP01-001_A,Pe_contract_A,Pe_Tot_CP_A,Pe_Tot_EP_A,Pe_Tot_PV_A,Pe_Generated_A,Pe_grid_A,Pe_Tot_load_A,Pth_Tot_CP_A,Pth_Tot_EP_A,Pth_Tot_Boiler_A,Pth_Tot_GHPChill_A,Pth_Tot_EHPChill_A,Pth_Tot_AbsChill_A,Pth_Generated_A,Pth_Tot_load_A,Pc_Tot_GHPChill_A,Pc_Tot_EHPChill_A,Pc_Tot_AbsChill_A,Pc_Generated_A,Pc_Tot_load_A,Gas_cons_CP_acq_A,Gas_cons_EP_acq_A,Gas_cons_GHPChill_acq_A,Gas_cons_Boiler_acq_A,Gas_cons_AbsChill_acq_A,Gas_cons_GHP_acq_A,Gas_cons_CP_A,Gas_cons_EP_A,Gas_cons_GHPChill_A,Gas_cons_Boiler_A,Gas_cons_AbsChill_A,Gas_cons_GHP_A,NG_cons_Tot_A,Prop_cons_Tot_A,BGas_cons_Tot_A,COil_cons_Tot_A,Tth_Tot_strg_A,Tc_Tot_strg_A,Pa_Tot_GHP_A,NG_Tot_GHP_A,Ee_Tot_CP_D,Ee_Tot_EP_D,Ee_Tot_PV_D,Ee_Generated_D,Ee_grid_D,Ee_Tot_load_D,Eth_Tot_CP_D,Eth_Tot_EP_D,Eth_Tot_Boiler_D,Eth_Tot_GHPChill_D,Eth_Tot_EHPChill_D,Eth_Tot_AbsChill_D,Eth_Generated_D,Eth_Tot_load_D,Ec_Tot_GHPChill_D,Ec_Tot_EHPChill_D,Ec_Tot_AbsChill_D,Ec_Generated_D,Ec_Tot_load_D,Gas_cons_CP_acq_D,Gas_cons_EP_acq_D,Gas_cons_GHPChill_acq_D,Gas_cons_Boiler_acq_D,Gas_cons_AbsChill_acq_D,Gas_cons_GHP_acq_D,Gas_cons_CP_D,Gas_cons_EP_D,Gas_cons_GHPChill_D,Gas_cons_Boiler_D,Gas_cons_AbsChill_D,Gas_cons_GHP_D,NG_cons_Tot_D,Prop_cons_Tot_D,BGas_cons_Tot_D,COil_cons_Tot_D,Pa_Tot_GHP_D,NG_Tot_GHP_D,Pe_load,Pth_load,Pc_load,Pe_PV,C_NG,Ce_grid,CHP_av,EP_av,GHP_av,abs_av,boiler_av,chill_av,Pe_CHP_C,Pe_EP_C,GHP1_C,Pc_GHP1_C,GHP2_C,Pc_GHP2_C,GHP3_C,Pc_GHP3_C,GHP4_C,Pc_GHP4_C,GHP5_C,Pc_GHP5_C,GHP6_C,Pc_GHP6_C,GHP7_C,Pc_GHP7_C,GHP8_C,Pc_GHP8_C,boiler_C,chill_C,Pc_chill_C,abs_C,Pth_CHP_C,NG_CHP,Pth_EP_C,NG_EP,Pth_boiler_C,NG_boiler,Pe_chill,NG_GHP,Pc_abs,NG_abs,Pe_grid,Pe_PV,Pth_strg,Tth_strg,Pc_strg,Tc_strg,tot_cost,NRG_tot,CO2_tot,Rad_forec,T_forec,Pe_PV1_rated,Pe_PV2_rated,Pe_PV3_rated,Pe_PV4_rated,Pe_PV5_rated,a_PV_erad,b_PV_erad,c_PV_erad,d_PV_erad,PV1_m,PV2_m,PV3_m,PV4_m,PV5_m,count_cost,count_CO2,count_NRG,ref_cost,ref_CO2,ref_NRG,YEMS_cost,YEMS_CO2,YEMS_NRG
m3,m3/h,m3,m3/h,m3,m3/h,m3,m3/h,m3,m3/h,m3,m3/h,m3,m3/h,m3/h,m3/h,m3/h,h,h,kW,kW,℃,℃,kW,℃,℃,℃,℃,℃,kW,kW,℃,℃,℃,℃,℃,℃,kWh,kW,kWh,kWh,kW,kWh,kW,kW,-,-,-,-,-,-,-,-,-,-,-,-,-,-,kW,kW,kW,kW,kW,kW,kW,kW,kW,kW,kW,kW,kW,kW,kW,kW,kW,kW,kW,kW,kW,kW,kW,℃,℃,℃,kW,kW,m3/h,m3/h,m3/h,m3/h,m3/h,m3/h,m3/h,m3/h,m3/h,m3/h,m3/h,m3/h,m3/h,m3/h,m3/h,m3/h,kW,kW,kW,kW,kW,kW,kW,kW,kW,kW,kW,kW,kW,kW,kW,kW,kW,kW,kW,kW,m3/h,m3/h,m3/h,m3/h,m3/h,m3/h,m3/h,m3/h,m3/h,m3/h,m3/h,m3/h,m3/h,m3/h,m3/h,L/h,℃,℃,kW,kW,kWh,kWh,kWh,kWh,kWh,kWh,kWh,kWh,kWh,kWh,kWh,kWh,kWh,kWh,kWh,kWh,kWh,kWh,kWh,m3,m3,m3,m3,m3,m3,m3,m3,m3,m3,m3,m3,m3,m3,m3,L,kWh,kWh,kW,kW,kW,kW,¥/m3,¥/kWh,-,-,-,-,-,-,kW,kW,-,kW,-,kW,-,kW,-,kW,-,kW,-,kW,-,kW,-,kW,-,-,kW,-,kW,m3,kW,m3,kW,m3,kW,m3,kW,m3,kW,kW,kW,℃,kW,℃,¥,kWh,kg,W/m2,℃,kW,kW,kW,kW,kW,-,-,-,-,-,-,-,-,-,¥,kg,kl,¥,kg,kl,¥,kg,kl
1009.80,0.00,8950,0.00,6614.00,0.00,57477.20,0.00,4316,0.00,406.30,0.00,2742,0.00,0.00,0.00,0.00,3822,3822,0.0,0.00,24.9,24.4,20.6,57.2,60.7,48.1,65.6,52.8,0.0,0.00,24.4,24.9,52.8,65.6,48.1,60.7,61562.8,-0.14,51163.4,65106.3,0.00,36.6,0.00,16.7,0,,,,,,,1,0,1,1,0,0,0,20.69,0.00,0.00,0.00,20.69,0.00,,0.00,0.00,0.00,0.00,,,0.00,,,0.00,,,0.00,0.00,0.00,,57.27,,,,,,,,,,,,0.00,0.00,0.00,,,0.00,,,,71.00,0.00,,0.00,0.00,20.69,20.69,0.00,,0.00,,,0.00,0.00,0.00,,,0.00,0.00,,,,,,,0.00,0.00,,,0.00,0.00,,0.00,,,,57.27,,,,84.21,,734.62,818.84,722.61,1541.51,128.55,,552.74,,,436.62,1117.96,1117.96,,,0.88,0.88,,,,,,,62.94,10.26,,,27.12,42.89,,62.94,,,,,,,,,,,,,,,,,,,,,,,,,,,,,,,,,,,,,,,,,,,,,,,,,,,,,,,,,,,,,,,,,,,,,,,,,,,,,,,,,10639.13,665.2,0.3071
1009.80,0.00,8950,0.00,6614.00,0.00,57477.20,0.00,4316,0.00,406.30,0.00,2742,0.00,0.00,0.00,0.00,3822,3822,0.0,0.00,24.8,24.3,20.5,57.0,60.5,47.7,66.7,50.5,0.0,0.00,24.3,24.8,50.5,66.7,47.7,60.5,61562.8,-0.14,51163.4,65106.3,0.00,36.6,0.00,16.5,0,,,,,,,1,0,1,1,0,0,0,20.55,0.00,0.00,0.00,20.55,0.00,,0.00,0.00,0.00,0.00,,,0.00,,,0.00,,,0.00,0.00,0.00,,57.07,,,,,,,,,,,,0.00,0.00,0.00,,,0.00,,,,71.00,0.00,,0.00,0.00,20.55,20.55,0.00,,0.00,,,0.00,0.00,0.00,,,0.00,0.00,,,,,,,0.00,0.00,,,0.00,0.00,,0.00,,,,57.07,,,,,,,,,,,,,,,,,,,,,,,,,,,,,,,,,,,,,,,,,,,,,,,,,,,,,,,,,,,,,,,,,,,,,,,,,,,,,,,,,,,,,,,,,,,,,,,,,,,,,,,,,,,,,,,,,,,,,,
1009.80,0.00,8950,0.00,6614.00,0.00,57477.20,0.00,4316,0.00,406.30,0.00,2742,0.00,0.00,0.00,0.00,3822,3822,0.0,0.00,24.8,24.3,19.4,56.8,60.5,47.5,65.5,51.6,0.0,0.00,24.3,24.8,51.6,65.5,47.5,60.5,61562.8,-0.14,51163.4,65106.4,0.00,36.6,0.00,15.5,0,,,,,,,1,0,1,1,0,0,0,19.44,0.00,0.00,0.00,19.44,0.00,,0.00,0.00,0.00,0.00,,,0.00,,,0.00,,,0.00,0.00,0.00,,56.86,,,,,,,,,,,,0.00,0.00,0.00,,,0.00,,,,71.00,0.00,,0.00,0.00,19.44,19.44,0.00,,0.00,,,0.00,0.00,0.00,,,0.00,0.00,,,,,,,0.00,0.00,,,0.00,0.00,,0.00,,,,56.86,,,,,,,,,,,,,,,,,,,,,,,,,,,,,,,,,,,,,,,,,,,,,,,,,,,,,,,,,,,,,,,,,,,,,,,,,,,,,,,,,,,,,,,,,,,,,,,,,,,,,,,,,,,,,,,,,,,,,,
1009.80,0.00,8950,0.00,6614.00,0.00,57477.20,0.00,4316,0.00,406.30,0.00,2742,0.00,0.00,0.00,0.00,3822,3822,0.0,0.00,24.7,24.3,19.2,56.6,60.5,47.3,66.4,50.0,0.0,0.00,24.3,24.7,50.0,66.4,47.3,60.5,61562.8,-0.14,51163.4,65106.4,0.00,36.6,0.00,15.4,0,,,,,,,1,0,1,1,0,0,0,19.26,0.00,0.00,0.00,19.26,0.00,,0.00,0.00,0.00,0.00,,,0.00,,,0.00,,,0.00,0.00,0.00,,56.66,,,,,,,,,,,,0.00,0.00,0.00,,,0.00,,,,71.00,0.00,,0.00,0.00,19.26,19.26,0.00,,0.00,,,0.00,0.00,0.00,,,0.00,0.00,,,,,,,0.00,0.00,,,0.00,0.00,,0.00,,,,56.66,,,,,,,,,,,,,,,,,,,,,,,,,,,,,,,,,,,,,,,,,,,,,,,,,,,,,,,,,,,,,,,,,,,,,,,,,,,,,,,,,,,,,,,,,,,,,,,,,,,,,,,,,,,,,,,,,,,,,,
1009.80,0.00,8950,0.00,6614.00,0.00,57477.20,0.00,4316,0.00,406.30,0.00,2742,0.00,0.00,0.00,0.00,3822,3822,0.0,0.00,24.7,24.2,19.5,56.4,60.5,47.2,65.6,52.5,0.0,0.00,24.2,24.7,52.5,65.6,47.2,60.5,61562.8,-0.14,51163.4,65106.4,0.00,36.6,0.00,15.6,0,,,,,,,1,0,1,1,0,0,0,19.52,0.00,0.00,0.00,19.52,0.00,,0.00,0.00,0.00,0.00,,,0.00,,,0.00,,,0.00,0.00,0.00,,56.45,,,,,,,,,,,,0.00,0.00,0.00,,,0.00,,,,71.00,0.00,,0.00,0.00,19.52,19.52,0.00,,0.00,,,0.00,0.00,0.00,,,0.00,0.00,,,,,,,0.00,0.00,,,0.00,0.00,,0.00,,,,56.45,,,,,,,,,,,,,,,,,,,,,,,,,,,,,,,,,,,,,,,,,,,,,,,,,,,,,,,,,,,,,,,,,,,,,,,,,,,,,,,,,,,,,,,,,,,,,,,,,,,,,,,,,,,,,,,,,,,,,,
1009.80,0.00,8950,0.00,6614.00,0.00,57477.20,0.00,4316,0.00,406.30,0.00,2742,0.00,0.00,0.00,0.00,3822,3822,0.0,0.00,24.6,24.1,21.5,56.2,60.4,47.1,65.8,49.9,0.0,0.00,24.1,24.6,49.9,65.8,47.1,60.4,61562.8,-0.14,51163.4,65106.5,0.00,36.6,0.00,17.5,0,,,,,,,1,0,1,1,0,0,0,21.51,0.00,0.00,0.00,21.51,0.00,,0.00,0.00,0.00,0.00,,,0.00,,,0.00,,,0.00,0.00,0.00,,56.26,,,,,,,,,,,,0.00,0.00,0.00,,,0.00,,,,71.00,0.00,,0.00,0.00,21.51,21.51,0.00,,0.00,,,0.00,0.00,0.00,,,0.00,0.00,,,,,,,0.00,0.00,,,0.00,0.00,,0.00,,,,56.26,,,,,,,,,,,,,,,,,,,,,,,,,,,,,,,,,,,,,,,,,,,,,,,,,,,,,,,,,,,,,,,,,,,,,,,,,,,,,,,,,,,,,,,,,,,,,,,,,,,,,,,,,,,,,,,,,,,,,,
1009.80,0.00,8950,0.00,6614.00,0.00,57477.20,0.00,4316,0.00,406.30,0.00,2742,0.00,0.00,0.00,0.00,3822,3822,0.0,0.00,24.5,24.1,19.5,56.0,60.5,47.0,65.9,50.5,0.0,0.00,24.1,24.5,50.5,65.9,47.0,60.5,61562.8,-0.14,51163.4,65106.5,0.00,36.6,0.00,15.7,0,,,,,,,1,0,1,1,0,0,0,19.58,0.00,0.00,0.00,19.58,0.00,,0.00,0.00,0.00,0.00,,,0.00,,,0.00,,,0.00,0.00,0.00,,56.05,,,,,,,,,,,,0.00,0.00,0.00,,,0.00,,,,71.00,0.00,,0.00,0.00,19.58,19.58,0.00,,0.00,,,0.00,0.00,0.00,,,0.00,0.00,,,,,,,0.00,0.00,,,0.00,0.00,,0.00,,,,56.05,,,,,,,,,,,,,,,,,,,,,,,,,,,,,,,,,,,,,,,,,,,,,,,,,,,,,,,,,,,,,,,,,,,,,,,,,,,,,,,,,,,,,,,,,,,,,,,,,,,,,,,,,,,,,,,,,,,,,,
1009.80,0.00,8950,0.00,6614.00,0.00,57477.20,0.00,4316,0.00,406.30,0.00,2742,0.00,0.00,0.00,0.00,3822,3822,0.0,0.00,24.5,24.1,20.3,55.8,60.8,47.0,65.0,50.2,0.0,0.00,24.1,24.5,50.2,65.0,47.0,60.8,61562.8,-0.14,51163.4,65106.6,0.00,36.6,0.00,16.4,0,,,,,,,1,0,1,1,0,0,0,20.39,0.00,0.00,0.00,20.39,0.00,,0.00,0.00,0.00,0.00,,,0.00,,,0.00,,,0.00,0.00,0.00,,55.87,,,,,,,,,,,,0.00,0.00,0.00,,,0.00,,,,71.00,0.00,,0.00,0.00,20.39,20.39,0.00,,0.00,,,0.00,0.00,0.00,,,0.00,0.00,,,,,,,0.00,0.00,,,0.00,0.00,,0.00,,,,55.87,,,,,,,,,,,,,,,,,,,,,,,,,,,,,,,,,,,,,,,,,,,,,,,,,,,,,,,,,,,,,,,,,,,,,,,,,,,,,,,,,,,,,,,,,,,,,,,,,,,,,,,,,,,,,,,,,,,,,,
1009.80,0.00,8950,0.00,6614.00,0.00,57477.20,0.00,4316,0.00,406.30,0.00,2742,0.00,0.00,0.00,0.00,3822,3822,0.0,0.00,24.4,24.0,20.6,55.6,61.3,47.8,65.8,49.1,0.0,0.00,24.0,24.4,49.1,65.8,47.8,61.3,61562.8,-0.14,51163.4,65106.6,0.00,36.6,0.00,16.7,0,,,,,,,1,0,1,1,0,0,0,20.66,0.00,0.00,0.00,20.66,0.00,,0.00,0.00,0.00,0.00,,,0.00,,,0.00,,,0.00,0.00,0.00,,55.61,,,,,,,,,,,,0.00,0.00,0.00,,,0.00,,,,71.00,0.00,,0.00,0.00,20.66,20.66,0.00,,0.00,,,0.00,0.00,0.00,,,0.00,0.00,,,,,,,0.00,0.00,,,0.00,0.00,,0.00,,,,55.61,,,,,,,,,,,,,,,,,,,,,,,,,,,,,,,,,,,,,,,,,,,,,,,,,,,,,,,,,,,,,,,,,,,,,,,,,,,,,,,,,,,,,,,,,,,,,,,,,,,,,,,,,,,,,,,,,,,,,,
1009.80,0.00,8950,0.00,6614.00,0.00,57477.20,0.00,4316,0.00,406.30,0.00,2742,0.00,0.00,0.00,0.00,3822,3822,0.0,0.00,24.3,23.9,19.0,55.4,60.7,47.9,64.8,49.6,0.0,0.00,23.9,24.3,49.6,64.8,47.9,60.7,61562.8,-0.14,51163.4,65106.6,0.00,36.6,0.00,15.2,0,,,,,,,1,0,1,1,0,0,0,19.06,0.00,0.00,0.00,19.06,0.00,,0.00,0.00,0.00,0.00,,,0.00,,,0.00,,,0.00,0.00,0.00,,55.45,,,,,,,,,,,,0.00,0.00,0.00,,,0.00,,,,71.00,0.00,,0.00,0.00,19.06,19.06,0.00,,0.00,,,0.00,0.00,0.00,,,0.00,0.00,,,,,,,0.00,0.00,,,0.00,0.00,,0.00,,,,55.45,,,,,,,,,,,,,,,,,,,,,,,,,,,,,,,,,,,,,,,,,,,,,,,,,,,,,,,,,,,,,,,,,,,,,,,,,,,,,,,,,,,,,,,,,,,,,,,,,,,,,,,,,,,,,,,,,,,,,,
1009.80,0.00,8950,0.00,6614.00,0.00,57477.20,0.00,4316,0.00,406.30,0.00,2742,0.00,0.00,0.00,0.00,3822,3822,0.0,0.00,24.2,23.8,18.3,55.2,60.3,47.0,65.6,48.5,0.0,0.00,23.8,24.2,48.5,65.6,47.0,60.3,61562.8,-0.14,51163.4,65106.7,0.00,36.6,0.00,14.6,0,,,,,,,1,0,1,1,0,0,0,18.39,0.00,0.00,0.00,18.39,0.00,,0.00,0.00,0.00,0.00,,,0.00,,,0.00,,,0.00,0.00,0.00,,55.29,,,,,,,,,,,,0.00,0.00,0.00,,,0.00,,,,71.00,0.00,,0.00,0.00,18.39,18.39,0.00,,0.00,,,0.00,0.00,0.00,,,0.00,0.00,,,,,,,0.00,0.00,,,0.00,0.00,,0.00,,,,55.29,,,,,,,,,,,,,,,,,,,,,,,,,,,,,,,,,,,,,,,,,,,,,,,,,,,,,,,,,,,,,,,,,,,,,,,,,,,,,,,,,,,,,,,,,,,,,,,,,,,,,,,,,,,,,,,,,,,,,,
1009.80,0.00,8950,0.00,6614.00,0.00,57477.20,0.00,4316,0.00,406.30,0.00,2742,0.00,0.00,0.00,0.00,3822,3822,0.0,0.00,24.1,23.7,17.8,55.1,60.2,46.3,64.5,49.5,0.0,0.00,23.7,24.1,49.5,64.5,46.3,60.2,61562.8,-0.14,51163.4,65106.7,0.00,36.6,0.00,14.1,0,,,,,,,1,0,1,1,0,0,0,17.88,0.00,0.00,0.00,17.88,0.00,,0.00,0.00,0.00,0.00,,,0.00,,,0.00,,,0.00,0.00,0.00,,55.13,,,,,,,,,,,,0.00,0.00,0.00,,,0.00,,,,71.00,0.00,,0.00,0.00,17.88,17.88,0.00,,0.00,,,0.00,0.00,0.00,,,0.00,0.00,,,,,,,0.00,0.00,,,0.00,0.00,,0.00,,,,55.13,,,,,,,,,,,,,,,,,,,,,,,,,,,,,,,,,,,,,,,,,,,,,,,,,,,,,,,,,,,,,,,,,,,,,,,,,,,,,,,,,,,,,,,,,,,,,,,,,,,,,,,,,,,,,,,,,,,,,,
1009.80,0.00,8950,0.00,6614.00,0.00,57477.20,0.00,4316,0.00,406.30,0.00,2742,0.00,0.00,0.00,0.00,3822,3822,0.0,0.00,24.1,23.6,18.4,54.9,60.1,45.8,65.3,47.5,0.0,0.00,23.6,24.1,47.5,65.3,45.8,60.1,61562.8,-0.14,51163.4,65106.7,0.00,36.6,0.00,14.6,0,,,,,,,1,0,1,1,0,0,0,18.43,0.00,0.00,0.00,18.43,0.00,,0.00,0.00,0.00,0.00,,,0.00,,,0.00,,,0.00,0.00,0.00,,54.94,,,,,,,,,,,,0.00,0.00,0.00,,,0.00,,,,71.00,0.00,,0.00,0.00,18.43,18.43,0.00,,0.00,,,0.00,0.00,0.00,,,0.00,0.00,,,,,,,0.00,0.00,,,0.00,0.00,,0.00,,,,54.94,,,,,,,,,,,,,,,,,,,,,,,,,,,,,,,,,,,,,,,,,,,,,,,,,,,,,,,,,,,,,,,,,,,,,,,,,,,,,,,,,,,,,,,,,,,,,,,,,,,,,,,,,,,,,,,,,,,,,,
1009.80,0.00,8950,0.00,6614.00,0.00,57477.20,0.00,4316,0.00,406.30,0.00,2742,0.00,0.00,0.00,0.00,3822,3822,0.0,0.00,24.0,23.5,19.4,54.8,59.9,45.3,63.9,49.2,0.0,0.00,23.5,24.0,49.2,63.9,45.3,59.9,61562.8,-0.14,51163.4,65106.8,0.00,36.6,0.00,15.5,0,,,,,,,1,0,1,1,0,0,0,19.40,0.00,0.00,0.00,19.40,0.00,,0.00,0.00,0.00,0.00,,,0.00,,,0.00,,,0.00,0.00,0.00,,54.81,,,,,,,,,,,,0.00,0.00,0.00,,,0.00,,,,71.00,0.00,,0.00,0.00,19.40,19.40,0.00,,0.00,,,0.00,0.00,0.00,,,0.00,0.00,,,,,,,0.00,0.00,,,0.00,0.00,,0.00,,,,54.81,,,,,,,,,,,,,,,,,,,,,,,,,,,,,,,,,,,,,,,,,,,,,,,,,,,,,,,,,,,,,,,,,,,,,,,,,,,,,,,,,,,,,,,,,,,,,,,,,,,,,,,,,,,,,,,,,,,,,,
1009.80,0.00,8950,0.00,6614.00,0.00,57477.20,0.00,4316,0.00,406.30,0.00,2742,0.00,0.00,0.00,0.00,3822,3822,0.0,0.00,23.9,23.4,18.7,54.6,59.9,44.8,65.0,46.7,0.0,0.00,23.4,23.9,46.7,65.0,44.8,59.9,61562.8,-0.14,51163.4,65106.8,0.00,36.6,0.00,14.9,0,,,,,,,1,0,1,1,0,0,0,18.77,0.00,0.00,0.00,18.77,0.00,,0.00,0.00,0.00,0.00,,,0.00,,,0.00,,,0.00,0.00,0.00,,54.65,,,,,,,,,,,,0.00,0.00,0.00,,,0.00,,,,71.00,0.00,,0.00,0.00,18.77,18.77,0.00,,0.00,,,0.00,0.00,0.00,,,0.00,0.00,,,,,,,0.00,0.00,,,0.00,0.00,,0.00,,,,54.65,,,,,,,,,,,,,,,,,,,,,,,,,,,,,,,,,,,,,,,,,,,,,,,,,,,,,,,,,,,,,,,,,,,,,,,,,,,,,,,,,,,,,,,,,,,,,,,,,,,,,,,,,,,,,,,,,,,,,,
1009.80,0.00,8950,0.00,6614.00,0.00,57477.20,0.00,4316,0.00,406.30,0.00,2742,0.00,0.00,0.00,0.00,3822,3822,0.0,0.00,23.7,23.3,18.4,54.5,59.8,44.4,63.8,49.0,0.0,0.00,23.3,23.7,49.0,63.8,44.4,59.8,61562.8,-0.14,51163.4,65106.8,0.00,36.6,0.00,14.7,0,,,,,,,1,0,1,1,0,0,0,18.44,0.00,0.00,0.00,18.44,0.00,,0.00,0.00,0.00,0.00,,,0.00,,,0.00,,,0.00,0.00,0.00,,54.52,,,,,,,,,,,,0.00,0.00,0.00,,,0.00,,,,71.00,0.00,,0.00,0.00,18.44,18.44,0.00,,0.00,,,0.00,0.00,0.00,,,0.00,0.00,,,,,,,0.00,0.00,,,0.00,0.00,,0.00,,,,54.52,,,,,,,,,,,,,,,,,,,,,,,,,,,,,,,,,,,,,,,,,,,,,,,,,,,,,,,,,,,,,,,,,,,,,,,,,,,,,,,,,,,,,,,,,,,,,,,,,,,,,,,,,,,,,,,,,,,,,,
1009.80,0.00,8950,0.00,6614.00,0.00,57477.20,0.00,4316,0.00,406.30,0.00,2742,0.00,0.00,0.00,0.00,3822,3822,0.0,0.00,23.7,23.2,18.8,54.3,59.7,44.0,64.6,46.0,0.0,0.00,23.2,23.7,46.0,64.6,44.0,59.7,61562.8,-0.14,51163.4,65106.9,0.00,36.6,0.00,15.2,0,,,,,,,1,0,1,1,0,0,0,18.85,0.00,0.00,0.00,18.85,0.00,,0.00,0.00,0.00,0.00,,,0.00,,,0.00,,,0.00,0.00,0.00,,54.37,,,,,,,,,,,,0.00,0.00,0.00,,,0.00,,,,71.00,0.00,,0.00,0.00,18.85,18.85,0.00,,0.00,,,0.00,0.00,0.00,,,0.00,0.00,,,,,,,0.00,0.00,,,0.00,0.00,,0.00,,,,54.37,,,,,,,,,,,,,,,,,,,,,,,,,,,,,,,,,,,,,,,,,,,,,,,,,,,,,,,,,,,,,,,,,,,,,,,,,,,,,,,,,,,,,,,,,,,,,,,,,,,,,,,,,,,,,,,,,,,,,,
1009.80,0.00,8950,0.00,6614.00,0.00,57477.20,0.00,4316,0.00,406.30,0.00,2742,0.00,0.00,0.00,0.00,3822,3822,0.0,0.00,23.6,23.1,18.7,54.2,59.6,43.6,63.6,48.4,0.0,0.00,23.1,23.6,48.4,63.6,43.6,59.6,61562.8,-0.14,51163.4,65106.9,0.00,36.6,0.00,15.2,0,,,,,,,1,0,1,1,0,0,0,18.70,0.00,0.00,0.00,18.70,0.00,,0.00,0.00,0.00,0.00,,,0.00,,,0.00,,,0.00,0.00,0.00,,54.21,,,,,,,,,,,,0.00,0.00,0.00,,,0.00,,,,71.00,0.00,,0.00,0.00,18.70,18.70,0.00,,0.00,,,0.00,0.00,0.00,,,0.00,0.00,,,,,,,0.00,0.00,,,0.00,0.00,,0.00,,,,54.21,,,,,,,,,,,,,,,,,,,,,,,,,,,,,,,,,,,,,,,,,,,,,,,,,,,,,,,,,,,,,,,,,,,,,,,,,,,,,,,,,,,,,,,,,,,,,,,,,,,,,,,,,,,,,,,,,,,,,,
1009.80,0.00,8950,0.00,6614.00,0.00,57477.20,0.00,4316,0.00,406.30,0.00,2742,0.00,0.00,0.00,0.00,3822,3822,0.0,0.00,23.5,23.0,19.6,54.0,59.7,43.3,64.4,45.5,0.0,0.00,23.0,23.5,45.5,64.4,43.3,59.7,61562.8,-0.13,51163.4,65106.9,0.00,36.6,0.00,16.1,0,,,,,,,1,0,1,1,0,0,0,19.63,0.00,0.00,0.00,19.63,0.00,,0.00,0.00,0.00,0.00,,,0.00,,,0.00,,,0.00,0.00,0.00,,54.08,,,,,,,,,,,,0.00,0.00,0.00,,,0.00,,,,71.00,0.00,,0.00,0.00,19.63,19.63,0.00,,0.00,,,0.00,0.00,0.00,,,0.00,0.00,,,,,,,0.00,0.00,,,0.00,0.00,,0.00,,,,54.08,,,,,,,,,,,,,,,,,,,,,,,,,,,,,,,,,,,,,,,,,,,,,,,,,,,,,,,,,,,,,,,,,,,,,,,,,,,,,,,,,,,,,,,,,,,,,,,,,,,,,,,,,,,,,,,,,,,,,,
1009.80,0.00,8950,0.00,6614.00,0.00,57477.20,0.00,4316,0.00,406.30,0.00,2742,0.00,0.00,0.00,0.00,3822,3822,0.0,0.00,23.4,22.9,18.8,53.9,59.6,42.9,63.2,47.8,0.0,0.00,22.9,23.4,47.8,63.2,42.9,59.6,61562.8,-0.14,51163.4,65107.0,0.00,36.6,0.00,15.7,0,,,,,,,1,0,1,1,0,0,0,18.88,0.00,0.00,0.00,18.88,0.00,,0.00,0.00,0.00,0.00,,,0.00,,,0.00,,,0.00,0.00,0.00,,53.95,,,,,,,,,,,,0.00,0.00,0.00,,,0.00,,,,71.00,0.00,,0.00,0.00,18.88,18.88,0.00,,0.00,,,0.00,0.00,0.00,,,0.00,0.00,,,,,,,0.00,0.00,,,0.00,0.00,,0.00,,,,53.95,,,,,,,,,,,,,,,,,,,,,,,,,,,,,,,,,,,,,,,,,,,,,,,,,,,,,,,,,,,,,,,,,,,,,,,,,,,,,,,,,,,,,,,,,,,,,,,,,,,,,,,,,,,,,,,,,,,,,,
1009.80,0.00,8950,0.00,6614.00,0.00,57477.20,0.00,4316,0.00,406.30,0.00,2742,0.00,0.00,0.00,0.00,3822,3822,0.0,0.00,23.3,22.8,18.8,53.7,59.5,42.7,63.8,45.1,0.4,0.00,22.8,23.3,45.1,63.8,42.7,59.5,61562.8,-0.14,51163.4,65107.0,0.00,36.6,0.00,16.7,0,,,,,,,1,0,1,1,0,0,0,18.81,0.00,0.47,0.00,18.81,0.00,,0.47,0.00,0.00,0.00,,,0.00,,,0.00,,,0.00,0.00,0.00,,53.78,,,,,,,,,,,,0.00,0.00,0.00,,,0.00,,,,71.00,0.00,,0.47,0.47,18.81,19.29,0.00,,0.00,,,0.00,0.00,0.00,,,0.00,0.00,,,,,,,0.00,0.00,,,0.00,0.00,,0.00,,,,53.78,,,,,,,,,,,,,,,,,,,,,,,,,,,,,,,,,,,,,,,,,,,,,,,,,,,,,,,,,,,,,,,,,,,,,,,,,,,,,,,,,,,,,,,,,,,,,,,,,,,,,,,,,,,,,,,,,,,,,,
1009.80,0.00,8950,0.00,6614.00,0.00,57477.20,0.00,4316,0.00,406.30,0.00,2742,0.00,0.00,0.00,0.00,3822,3822,0.0,0.00,23.2,22.7,24.8,53.6,59.5,42.4,62.6,47.3,1.8,0.00,22.7,23.2,47.3,62.6,42.4,59.5,61562.8,-0.14,51163.4,65107.0,0.00,36.6,0.00,23.7,0,,,,,,,1,0,1,1,0,0,0,24.88,0.00,1.87,0.00,24.88,0.00,,1.87,0.00,0.00,0.00,,,0.00,,,0.00,,,0.00,0.00,0.00,,53.64,,,,,,,,,,,,0.00,0.00,0.00,,,0.00,,,,71.00,0.00,,1.87,1.87,24.88,26.76,0.00,,0.00,,,0.00,0.00,0.00,,,0.00,0.00,,,,,,,0.00,0.00,,,0.00,0.00,,0.00,,,,53.64,,,,,,,,,,,,,,,,,,,,,,,,,,,,,,,,,,,,,,,,,,,,,,,,,,,,,,,,,,,,,,,,,,,,,,,,,,,,,,,,,,,,,,,,,,,,,,,,,,,,,,,,,,,,,,,,,,,,,,
1009.80,0.00,8950,0.00,6614.00,0.00,57477.20,35.34,4316,0.00,406.30,0.00,2742,0.00,0.00,0.00,0.00,3822,3822,0.0,0.00,23.2,22.6,29.0,53.5,59.5,42.2,66.0,45.1,7.2,0.23,22.6,23.2,45.1,66.0,42.2,59.5,61562.8,-0.14,51163.4,65107.1,0.00,36.6,0.00,33.1,0,,,,,,,1,0,1,1,0,0,0,29.08,0.00,7.27,0.23,29.08,0.00,,7.27,0.23,0.00,0.00,,,0.00,,,0.00,,,0.00,0.00,0.00,,53.52,,,,,,,,,,,,0.00,0.00,0.00,,,0.00,,,,71.00,0.00,,7.51,7.51,29.08,36.59,0.00,,0.00,,,0.00,0.00,0.00,,,0.00,0.00,,,,,,,0.00,0.00,,,0.00,0.00,,0.00,,,,53.52,,,,,,,,,,,,,,,,,,,,,,,,,,,,,,,,,,,,,,,,,,,,,,,,,,,,,,,,,,,,,,,,,,,,,,,,,,,,,,,,,,,,,,,,,,,,,,,,,,,,,,,,,,,,,,,,,,,,,,
1009.80,0.00,8950,0.00,6614.00,0.00,57517.90,122.12,4316,0.48,406.30,0.00,2742,0.00,0.00,0.00,0.00,3822,3822,0.0,0.00,23.1,22.6,26.6,53.4,59.4,41.9,74.2,46.9,13.8,0.58,22.6,23.1,46.9,74.2,41.9,59.4,61562.9,-0.14,51163.4,65107.1,0.00,36.6,0.00,36.7,0,,,,,,,1,0,1,1,0,0,0,26.66,0.00,13.85,0.58,26.66,0.00,,13.85,0.58,0.00,0.00,,,0.00,,,0.00,,,0.00,0.00,0.00,,53.41,,,,,,,,,,,,0.48,0.00,0.00,,,0.00,,,,71.00,0.00,,14.43,14.43,26.66,41.10,0.00,,0.00,,,0.00,0.00,0.00,,,0.00,0.00,,,,,,,0.48,0.00,,,0.00,0.00,,0.48,,,,53.41,,,,,,,,,,,,,,,,,,,,,,,,,,,,,,,,,,,,,,,,,,,,,,,,,,,,,,,,,,,,,,,,,,,,,,,,,,,,,,,,,,,,,,,,,,,,,,,,,,,,,,,,,,,,,,,,,,,,,,
1009.80,0.00,8950,0.00,6614.00,3.02,57563.60,180.78,4317,2.00,406.30,0.00,2742,0.00,0.00,3.02,0.00,3822,3822,0.0,0.00,23.1,22.6,52.0,54.0,59.2,41.7,68.3,63.8,17.6,0.73,22.6,23.1,63.8,68.3,41.7,59.2,61563.0,-0.14,51163.4,65107.1,0.00,36.6,0.00,64.0,0,,,,,,,1,0,1,1,0,0,0,52.02,0.00,17.64,0.73,52.02,0.00,,17.64,0.73,0.00,0.00,,,9.47,,,0.00,,,0.00,9.47,0.00,,54.00,,,,,,,,,,,,2.00,0.00,0.00,,,0.93,,,,71.00,0.00,,18.37,18.37,52.02,70.39,0.00,,0.00,,,9.47,9.47,9.47,,,0.00,0.00,,,,,,,2.00,0.00,,,0.00,0.93,,2.00,,,,54.00,,,,,,,,,,,,,,,,,,,,,,,,,,,,,,,,,,,,,,,,,,,,,,,,,,,,,,,,,,,,,,,,,,,,,,,,,,,,,,,,,,,,,,,,,,,,,,,,,,,,,,,,,,,,,,,,,,,,,,
1009.80,0.00,8950,0.00,6618.00,12.08,57611.50,199.06,4317,1.51,406.30,0.00,2742,0.00,0.00,12.08,0.00,3822,3822,0.0,0.00,23.0,22.5,46.9,53.5,57.9,43.0,61.2,59.1,21.5,0.98,22.5,23.0,59.1,61.2,43.0,57.9,61563.2,-0.14,51163.4,65107.2,0.00,36.6,0.00,63.4,0,,,,,,,1,0,1,1,0,0,0,46.96,0.00,21.56,0.98,46.96,0.00,,21.56,0.98,0.00,0.00,,,28.94,,,0.00,,,0.00,28.94,0.00,,53.50,,,,,,,,,,,,1.51,0.00,0.00,,,2.84,,,,71.00,0.00,,22.54,22.54,46.96,69.51,0.00,,0.00,,,28.94,28.94,28.94,,,0.00,0.00,,,,,,,1.51,0.00,,,0.00,2.84,,1.51,,,,53.50,,,,,,,,,,,,,,,,,,,,,,,,,,,,,,,,,,,,,,,,,,,,,,,,,,,,,,,,,,,,,,,,,,,,,,,,,,,,,,,,,,,,,,,,,,,,,,,,,,,,,,,,,,,,,,,,,,,,,,
1009.80,0.00,8950,0.00,6622.00,18.31,57666.70,213.23,4317,0.00,406.30,0.00,2742,0.00,0.00,18.31,0.00,3822,3822,0.0,0.00,23.0,22.5,39.7,53.8,56.8,46.6,60.2,58.4,28.0,1.19,22.5,23.0,58.4,60.2,46.6,56.8,61563.5,-0.14,51163.4,65107.2,0.00,36.6,0.00,62.4,0,,,,,,,1,0,1,1,0,0,0,39.71,0.00,28.01,1.19,39.71,0.00,,28.01,1.19,0.00,0.00,,,38.00,,,0.00,,,0.00,38.00,0.00,,53.86,,,,,,,,,,,,0.00,0.00,0.00,,,3.73,,,,71.00,0.00,,29.21,29.21,39.71,68.92,0.00,,0.00,,,38.00,38.00,38.00,,,0.00,0.00,,,,,,,0.00,0.00,,,0.00,3.73,,0.00,,,,53.86,,,,,,,,,,,,,,,,,,,,,,,,,,,,,,,,,,,,,,,,,,,,,,,,,,,,,,,,,,,,,,,,,,,,,,,,,,,,,,,,,,,,,,,,,,,,,,,,,,,,,,,,,,,,,,,,,,,,,,
1009.80,0.00,8950,0.00,6628.00,18.93,57720.00,210.79,4317,1.15,406.30,0.00,2742,0.00,0.00,18.93,0.00,3822,3822,0.2,0.00,23.1,22.7,56.0,54.3,54.8,47.9,60.5,58.8,26.9,1.09,22.7,23.1,58.8,60.5,47.9,54.8,61563.8,-0.14,51163.4,65107.2,0.00,36.6,0.00,76.7,1,,,,,,,1,0,1,1,0,0,0,56.01,0.26,26.93,1.09,56.01,0.26,,26.93,1.09,0.00,0.00,,,38.91,,,0.00,,,0.00,38.91,0.00,,54.30,,,,,,,,,,,,1.15,0.04,0.00,,,3.82,,,,71.00,0.26,,28.02,28.28,56.01,84.30,0.00,,0.00,,,38.91,38.91,38.91,,,0.00,0.00,,,,,,,1.15,0.04,,,0.00,3.82,,1.15,,,,54.30,,,,,,,,,,,,,,,,,,,,,,,,,,,,,,,,,,,,,,,,,,,,,,,,,,,,,,,,,,,,,,,,,,,,,,,,,,,,,,,,,,,,,,,,,,,,,,,,,,,,,,,,,,,,,,,,,,,,,,
1009.80,1.46,8950,0.00,6632.00,18.75,57768.70,202.05,4318,2.00,406.30,0.68,2742,0.00,0.00,18.75,0.00,3822,3822,14.8,19.58,56.7,54.7,41.3,54.7,54.6,51.8,60.9,59.1,26.8,1.22,54.7,56.7,59.1,60.9,51.8,54.6,61564.0,-0.14,51163.4,65107.3,0.00,36.6,19.58,63.0,1,,,,,,,1,0,1,1,0,0,0,41.35,14.80,26.80,1.22,41.35,14.80,,26.80,1.22,4.09,0.00,,,38.78,,,0.00,,,4.09,38.78,0.00,,54.77,,,,,,,,,,,,2.00,1.72,0.00,,,3.81,,,,71.00,14.80,,28.02,42.82,41.35,84.18,4.09,,0.00,,,38.78,42.87,42.87,,,0.00,0.00,,,,,,,2.00,1.72,,,0.00,3.81,,2.00,,,,54.77,,,,,,,,,,,,,,,,,,,,,,,,,,,,,,,,,,,,,,,,,,,,,,,,,,,,,,,,,,,,,,,,,,,,,,,,,,,,,,,,,,,,,,,,,,,,,,,,,,,,,,,,,,,,,,,,,,,,,,
1011.00,2.40,8950,0.00,6636.00,18.57,57822.00,206.71,4318,0.84,406.80,1.00,2742,0.00,2.40,18.57,0.00,3822,3822,0.0,0.00,55.4,54.9,48.3,55.3,54.8,51.3,61.9,60.0,31.7,1.38,54.9,55.4,60.0,61.9,51.3,54.8,61564.3,-0.13,51163.4,65107.3,0.00,36.6,0.00,74.1,0,,,,,,,1,0,1,1,0,0,0,48.33,0.00,31.77,1.38,48.33,0.00,,31.77,1.38,1.17,0.00,,,41.47,,,0.00,,,1.17,41.47,0.00,,55.32,,,,,,,,,,,,0.84,0.00,0.00,,,4.07,,,,71.00,0.00,,33.15,33.15,48.33,81.49,1.17,,0.00,,,41.47,42.65,42.65,,,0.00,0.00,,,,,,,0.84,0.00,,,0.00,4.07,,0.84,,,,55.32,,,,,,,,,,,,,,,,,,,,,,,,,,,,,,,,,,,,,,,,,,,,,,,,,,,,,,,,,,,,,,,,,,,,,,,,,,,,,,,,,,,,,,,,,,,,,,,,,,,,,,,,,,,,,,,,,,,,,,
1011.00,0.93,8950,0.00,6642.00,18.93,57874.90,211.52,4318,0.88,406.80,0.31,2742,0.00,0.00,18.93,0.00,3822,3822,0.0,0.00,53.6,52.9,47.1,55.7,55.1,51.1,62.6,60.6,33.2,1.44,52.9,53.6,60.6,62.6,51.1,55.1,61564.7,-0.13,51163.4,65107.4,0.00,36.6,0.00,74.6,0,,,,,,,1,0,1,1,0,0,0,47.11,0.00,33.28,1.44,47.11,0.00,,33.28,1.44,0.48,0.00,,,44.08,,,0.00,,,0.48,44.08,0.00,,55.73,,,,,,,,,,,,0.88,0.00,0.00,,,4.33,,,,71.00,0.00,,34.73,34.73,47.11,81.84,0.48,,0.00,,,44.08,44.56,44.56,,,0.00,0.00,,,,,,,0.88,0.00,,,0.00,4.33,,0.88,,,,55.73,,,,,,,,,,,,,,,,,,,,,,,,,,,,,,,,,,,,,,,,,,,,,,,,,,,,,,,,,,,,,,,,,,,,,,,,,,,,,,,,,,,,,,,,,,,,,,,,,,,,,,,,,,,,,,,,,,,,,,
1011.00,0.00,8950,0.00,6646.00,18.75,57925.40,207.82,4319,2.00,406.80,0.00,2742,0.00,0.00,18.75,0.00,3822,3822,0.0,0.00,51.7,51.0,49.8,56.1,56.3,51.2,63.0,61.1,31.7,1.38,51.0,51.7,61.1,63.0,51.2,56.3,61565.1,-0.14,51163.4,65107.4,0.00,36.6,0.00,75.8,0,,,,,,,1,0,1,1,0,0,0,49.88,0.00,31.73,1.38,49.88,0.00,,31.73,1.38,0.00,0.00,,,42.31,,,0.00,,,0.00,42.31,0.00,,56.19,,,,,,,,,,,,2.00,0.00,0.00,,,4.16,,,,71.00,0.00,,33.12,33.12,49.88,83.01,0.00,,0.00,,,42.31,42.31,42.31,,,0.00,0.00,,,,,,,2.00,0.00,,,0.00,4.16,,2.00,,,,56.19,,,,,,,,,,,,,,,,,,,,,,,,,,,,,,,,,,,,,,,,,,,,,,,,,,,,,,,,,,,,,,,,,,,,,,,,,,,,,,,,,,,,,,,,,,,,,,,,,,,,,,,,,,,,,,,,,,,,,,
1011.00,0.00,8950,0.00,6650.00,18.57,57977.20,201.59,4319,1.11,406.80,0.00,2742,0.00,0.00,18.57,0.00,3822,3822,0.0,0.00,50.1,49.3,41.8,56.5,56.7,52.3,63.5,61.5,41.6,1.91,49.3,50.1,61.5,63.5,52.3,56.7,61565.4,-0.13,51163.4,65107.4,0.00,36.6,0.00,77.7,0,,,,,,,1,0,1,1,0,0,0,41.88,0.00,41.61,1.91,41.88,0.00,,41.61,1.91,0.00,0.00,,,43.16,,,0.00,,,0.00,43.16,0.00,,56.58,,,,,,,,,,,,1.11,0.00,0.00,,,4.24,,,,71.00,0.00,,43.52,43.52,41.88,85.40,0.00,,0.00,,,43.16,43.16,43.16,,,0.00,0.00,,,,,,,1.11,0.00,,,0.00,4.24,,1.11,,,,56.58,,,,,,,,,,,,,,,,,,,,,,,,,,,,,,,,,,,,,,,,,,,,,,,,,,,,,,,,,,,,,,,,,,,,,,,,,,,,,,,,,,,,,,,,,,,,,,,,,,,,,,,,,,,,,,,,,,,,,,
1011.00,0.00,8950,0.00,6656.00,18.93,58026.50,196.00,4319,0.00,406.80,0.00,2742,0.00,0.00,18.93,0.00,3822,3822,0.0,0.00,48.9,47.8,32.2,56.9,56.6,52.5,63.8,61.8,47.0,2.15,47.8,48.9,61.8,63.8,52.5,56.6,61565.9,-0.13,51163.4,65107.5,0.00,36.6,0.00,73.6,0,,,,,,,1,0,1,1,0,0,0,32.20,0.00,47.02,2.15,32.20,0.00,,47.02,2.15,0.00,0.00,,,43.18,,,0.00,,,0.00,43.18,0.00,,56.91,,,,,,,,,,,,0.00,0.00,0.00,,,4.24,,,,71.00,0.00,,49.17,49.17,32.20,81.38,0.00,,0.00,,,43.18,43.18,43.18,,,0.00,0.00,,,,,,,0.00,0.00,,,0.00,4.24,,0.00,,,,56.91,,,,,,,,,,,,,,,,,,,,,,,,,,,,,,,,,,,,,,,,,,,,,,,,,,,,,,,,,,,,,,,,,,,,,,,,,,,,,,,,,,,,,,,,,,,,,,,,,,,,,,,,,,,,,,,,,,,,,,
1011.00,0.00,8950,0.00,6660.00,18.75,58075.10,197.92,4319,1.82,406.80,0.00,2742,0.00,0.00,18.75,0.00,3822,3822,0.0,0.00,47.8,46.5,28.0,57.2,56.8,52.1,64.1,62.1,51.0,2.45,46.5,47.8,62.1,64.1,52.1,56.8,61566.4,-0.13,51163.4,65107.5,0.00,36.6,0.00,73.6,0,,,,,,,1,0,1,1,0,0,0,28.07,0.00,51.06,2.45,28.07,0.00,,51.06,2.45,0.00,0.00,,,43.10,,,0.00,,,0.00,43.10,0.00,,57.22,,,,,,,,,,,,1.82,0.00,0.00,,,4.23,,,,71.00,0.00,,53.52,53.52,28.07,81.59,0.00,,0.00,,,43.10,43.10,43.10,,,0.00,0.00,,,,,,,1.82,0.00,,,0.00,4.23,,1.82,,,,57.22,,,,,,,,,,,,,,,,,,,,,,,,,,,,,,,,,,,,,,,,,,,,,,,,,,,,,,,,,,,,,,,,,,,,,,,,,,,,,,,,,,,,,,,,,,,,,,,,,,,,,,,,,,,,,,,,,,,,,,
1011.00,0.00,8950,0.00,6664.00,18.31,58124.80,196.76,4320,2.00,406.80,0.00,2742,0.00,0.00,18.31,0.00,3822,3822,0.0,0.00,46.7,45.2,35.8,57.5,57.1,52.3,64.5,62.5,52.4,2.48,45.2,46.7,62.5,64.5,52.3,57.1,61567.0,-5.00,51163.4,65107.5,0.00,36.6,0.00,82.1,0,,,,,,,1,0,1,1,0,0,0,35.85,0.00,52.42,2.48,35.85,0.00,,52.42,2.48,0.00,0.00,,,42.17,,,0.00,,,0.00,42.17,0.00,,57.58,,,,,,,,,,,,2.00,0.00,0.00,,,4.14,,,,71.00,0.00,,54.90,54.90,35.85,90.76,0.00,,0.00,,,42.17,42.17,42.17,,,0.00,0.00,,,,,,,2.00,0.00,,,0.00,4.14,,2.00,,,,57.58,,,,,,,,,,,,,,,,,,,,,,,,,,,,,,,,,,,,,,,,,,,,,,,,,,,,,,,,,,,,,,,,,,,,,,,,,,,,,,,,,,,,,,,,,,,,,,,,,,,,,,,,,,,,,,,,,,,,,,
1011.00,0.61,8950,12.13,6670.00,18.93,58172.90,189.93,4320,4.66,406.80,0.36,2742,2.90,0.00,18.93,0.00,3822,3822,8.4,11.24,56.3,54.6,44.1,59.0,62.8,58.8,65.1,63.4,58.4,2.72,54.6,56.3,63.4,65.1,58.8,62.8,61567.6,-20.51,51163.4,65108.8,0.00,36.6,11.24,96.0,1,,,,,,,1,0,1,1,0,0,0,44.11,8.44,58.49,2.72,44.11,8.44,,58.49,2.72,1.17,60.45,,,38.14,,,0.00,,,1.17,38.14,60.45,,59.07,,,,,,,,,,,,4.66,1.00,2.96,,,3.75,,,,71.00,8.44,,61.21,69.65,44.11,113.77,1.17,,60.45,,,38.14,99.77,99.77,,,0.00,0.00,,,,,,,4.66,1.00,,,2.96,3.75,,4.66,,,,59.07,,,,,,,,,,,,,,,,,,,,,,,,,,,,,,,,,,,,,,,,,,,,,,,,,,,,,,,,,,,,,,,,,,,,,,,,,,,,,,,,,,,,,,,,,,,,,,,,,,,,,,,,,,,,,,,,,,,,,,
1011.80,1.60,8962,36.13,6674.00,18.75,58219.40,185.75,4324,10.97,407.20,0.80,2745,7.14,1.60,18.75,24.00,3822,3822,0.0,0.00,60.7,60.4,38.1,62.4,64.4,62.3,68.0,66.3,74.6,3.67,60.4,60.7,66.3,68.0,62.3,64.4,61568.3,-20.51,51163.4,65113.9,0.00,36.6,0.00,106.1,0,,,,,,,1,0,1,1,0,0,0,38.16,0.00,74.66,3.67,38.16,0.00,,74.66,3.67,0.33,85.71,,,36.51,,,0.00,,,0.33,36.51,85.71,,62.41,,,,,,,,,,,,10.97,0.00,4.21,,,3.59,,,,71.00,0.00,,78.33,78.33,38.16,116.50,0.33,,85.71,,,36.51,122.56,122.56,,,0.00,0.00,,,,,,,10.97,0.00,,,4.21,3.59,,10.97,,,,62.41,,,,,,,,,,,,,,,,,,,,,,,,,,,,,,,,,,,,,,,,,,,,,,,,,,,,,,,,,,,,,,,,,,,,,,,,,,,,,,,,,,,,,,,,,,,,,,,,,,,,,,,,,,,,,,,,,,,,,,
1011.80,0.98,8974,48.26,6678.00,18.57,58265.40,187.80,4326,9.68,407.20,0.44,2746,6.37,0.00,18.57,48.00,3822,3822,0.0,0.00,58.8,58.2,35.6,63.3,64.8,63.2,69.9,68.0,79.2,3.24,58.2,58.8,68.0,69.9,63.2,64.8,61569.3,-20.51,51163.4,65119.0,0.00,36.6,0.00,107.6,0,,,,,,,1,0,1,1,0,0,0,35.60,0.00,79.21,3.24,35.60,0.00,,79.21,3.24,0.26,90.29,,,42.10,,,0.00,,,0.26,42.10,90.29,,63.30,,,,,,,,,,,,9.68,0.00,4.43,,,4.14,,,,71.00,0.00,,82.46,82.46,35.60,118.06,0.26,,90.29,,,42.10,132.65,132.65,,,0.00,0.00,,,,,,,9.68,0.00,,,4.43,4.14,,9.68,,,,63.30,,,,,,,,,,,,,,,,,,,,,,,,,,,,,,,,,,,,,,,,,,,,,,,,,,,,,,,,,,,,,,,,,,,,,,,,,,,,,,,,,,,,,,,,,,,,,,,,,,,,,,,,,,,,,,,,,,,,,,
1011.80,0.00,8986,48.80,6684.00,18.93,58312.70,188.50,4328,6.00,407.20,0.00,2747,3.33,0.00,18.93,48.00,3822,3822,0.0,0.00,57.0,56.2,24.8,63.6,65.0,63.7,70.3,68.3,91.2,4.20,56.2,57.0,68.3,70.3,63.7,65.0,61570.1,-19.20,51163.4,65124.2,0.00,36.6,0.00,109.0,0,,,,,,,1,0,1,1,0,1,1,24.85,0.00,91.21,4.20,24.85,0.00,,91.21,4.20,0.00,74.87,,,43.39,,,0.00,,,0.00,43.39,74.87,,63.69,,,,,,,,,,,,6.00,0.00,3.67,,,4.26,,,,71.00,0.00,,95.42,95.42,24.85,120.27,0.00,,74.87,,,43.39,118.27,118.27,,,0.00,0.00,,,,,,,6.00,0.00,,,3.67,4.26,,6.00,,,,63.69,,,,,,,,,,,,,,,,,,,,,,,,,,,,,,,,,,,,,,,,,,,,,,,,,,,,,,,,,,,,,,,,,,,,,,,,,,,,,,,,,,,,,,,,,,,,,,,,,,,,,,,,,,,,,,,,,,,,,,
1011.80,0.00,8998,42.55,6688.00,18.75,58356.50,177.21,4330,10.04,407.20,0.00,2749,6.82,0.00,18.75,32.00,3822,3822,0.0,0.00,55.4,54.4,1.8,64.8,67.8,61.7,71.1,69.3,112.9,5.16,54.4,55.4,69.3,71.1,61.7,67.8,61571.1,-15.37,51163.4,65129.0,0.00,36.6,0.00,107.9,0,,,,,,,1,0,1,1,0,1,1,5.11,0.00,112.95,5.16,1.86,0.00,,112.95,5.16,0.00,278.42,,,40.20,,,0.00,,,0.00,40.20,278.42,,64.89,,,,,,,,,,,,10.04,0.00,13.67,,,3.95,,,,71.00,0.00,,118.11,118.11,1.86,119.97,0.00,,278.42,,,40.20,318.63,318.63,,,0.00,0.00,,,,,,,10.04,0.00,,,13.67,3.95,,10.04,,,,64.89,,,,,,,,,,,,,,,,,,,,,,,,,,,,,,,,,,,,,,,,,,,,,,,,,,,,,,,,,,,,,,,,,,,,,,,,,,,,,,,,,,,,,,,,,,,,,,,,,,,,,,,,,,,,,,,,,,,,,,
1011.80,0.00,9002,19.06,6692.00,18.57,58399.60,174.60,4334,13.68,407.20,0.00,2751,10.21,0.00,18.57,8.00,3822,3822,0.0,0.00,54.0,52.7,9.6,65.0,67.9,58.0,72.0,69.9,97.0,4.31,52.7,54.0,69.9,72.0,58.0,67.9,61572.4,-15.37,51163.4,65132.8,0.00,36.6,0.00,100.2,0,,,,,,,1,0,1,1,0,1,1,10.34,0.00,97.02,4.31,9.69,0.00,,97.02,4.31,0.00,219.76,,,43.73,,,0.00,,,0.00,43.73,219.76,,65.09,,,,,,,,,,,,13.68,0.00,10.79,,,4.30,,,,71.00,0.00,,101.33,101.33,9.69,111.03,0.00,,219.76,,,43.73,263.50,263.50,,,0.00,0.00,,,,,,,13.68,0.00,,,10.79,4.30,,13.68,,,,65.09,,,,,,,,,,,,,,,,,,,,,,,,,,,,,,,,,,,,,,,,,,,,,,,,,,,,,,,,,,,,,,,,,,,,,,,,,,,,,,,,,,,,,,,,,,,,,,,,,,,,,,,,,,,,,,,,,,,,,,
1011.80,0.00,9002,1.02,6698.00,18.66,58446.40,185.65,4337,11.55,407.20,0.00,2753,7.92,0.00,18.66,0.00,3822,3822,0.0,0.00,52.7,51.2,-4.3,65.2,66.6,57.4,72.5,70.3,119.6,7.09,51.2,52.7,70.3,72.5,57.4,66.6,61573.5,-15.37,51163.4,65136.6,0.00,36.6,0.00,108.7,0,,,,,,,1,0,1,1,0,1,1,3.14,0.00,119.69,7.09,-4.30,0.00,,119.69,7.09,0.00,11.37,,,46.73,,,0.00,,,0.00,46.73,11.37,,65.28,,,,,,,,,,,,11.55,0.00,0.55,,,4.59,,,,71.00,0.00,,126.79,126.79,-4.30,122.48,0.00,,11.37,,,46.73,58.10,58.10,,,0.00,0.00,,,,,,,11.55,0.00,,,0.55,4.59,,11.55,,,,65.28,,,,,,,,,,,,,,,,,,,,,,,,,,,,,,,,,,,,,,,,,,,,,,,,,,,,,,,,,,,,,,,,,,,,,,,,,,,,,,,,,,,,,,,,,,,,,,,,,,,,,,,,,,,,,,,,,,,,,,
1011.80,0.00,9002,0.00,6702.00,18.75,58492.30,182.94,4339,7.82,407.20,0.00,2755,5.31,0.00,18.75,0.00,3822,3822,0.0,0.00,51.6,49.8,-4.5,65.4,65.7,58.1,72.7,70.6,115.0,6.74,49.8,51.6,70.6,72.7,58.1,65.7,61575.3,-11.48,51163.4,65140.5,0.00,36.6,0.00,103.6,0,,,,,,,1,0,1,1,0,1,1,3.13,0.00,115.08,6.74,-4.52,0.00,,115.08,6.74,0.00,0.00,,,46.70,,,0.00,,,0.00,46.70,0.00,,65.49,,,,,,,,,,,,7.82,0.00,0.00,,,4.59,,,,71.00,0.00,,121.82,121.82,-4.52,117.29,0.00,,0.00,,,46.70,46.70,46.70,,,0.00,0.00,,,,,,,7.82,0.00,,,0.00,4.59,,7.82,,,,65.49,,,,,,,,,,,,,,,,,,,,,,,,,,,,,,,,,,,,,,,,,,,,,,,,,,,,,,,,,,,,,,,,,,,,,,,,,,,,,,,,,,,,,,,,,,,,,,,,,,,,,,,,,,,,,,,,,,,,,,
1011.80,0.00,9002,0.00,6706.00,18.57,58537.00,182.22,4340,4.71,407.20,0.00,2755,2.05,0.00,18.57,0.00,3822,3822,0.0,0.00,50.4,48.5,16.6,65.5,65.4,57.5,72.8,70.6,86.4,4.11,48.5,50.4,70.6,72.8,57.5,65.4,61576.9,-0.12,51163.4,65143.3,0.00,36.6,0.00,96.7,0,,,,,,,1,0,1,1,0,1,1,21.12,0.00,86.48,4.11,16.62,0.00,,86.48,4.11,0.00,0.00,,,46.18,,,0.00,,,0.00,46.18,0.00,,65.57,,,,,,,,,,,,4.71,0.00,0.00,,,4.54,,,,71.00,0.00,,90.60,90.60,16.62,107.22,0.00,,0.00,,,46.18,46.18,46.18,,,0.00,0.00,,,,,,,4.71,0.00,,,0.00,4.54,,4.71,,,,65.57,,,,,,,,,,,,,,,,,,,,,,,,,,,,,,,,,,,,,,,,,,,,,,,,,,,,,,,,,,,,,,,,,,,,,,,,,,,,,,,,,,,,,,,,,,,,,,,,,,,,,,,,,,,,,,,,,,,,,,
1011.80,0.00,9002,0.00,6712.00,18.93,58584.80,187.71,4341,5.06,407.20,0.00,2756,2.00,0.00,18.93,0.00,3822,3822,0.0,0.00,49.4,47.3,10.3,65.6,65.6,57.0,72.6,70.6,95.4,5.50,47.3,49.4,70.6,72.6,57.0,65.6,61578.0,-0.12,51163.4,65143.4,0.00,36.6,0.00,99.1,0,,,,,,,1,0,1,1,0,0,0,14.21,0.00,95.40,5.50,10.37,0.00,,95.40,5.50,0.00,0.00,,,45.47,,,0.00,,,0.00,45.47,0.00,,65.61,,,,,,,,,,,,5.06,0.00,0.00,,,4.47,,,,71.00,0.00,,100.91,100.91,10.37,111.29,0.00,,0.00,,,45.47,45.47,45.47,,,0.00,0.00,,,,,,,5.06,0.00,,,0.00,4.47,,5.06,,,,65.61,,,,,,,,,,,,,,,,,,,,,,,,,,,,,,,,,,,,,,,,,,,,,,,,,,,,,,,,,,,,,,,,,,,,,,,,,,,,,,,,,,,,,,,,,,,,,,,,,,,,,,,,,,,,,,,,,,,,,,
1011.80,0.00,9002,0.00,6716.00,18.75,58632.70,188.60,4342,4.53,407.20,0.00,2756,1.92,0.00,18.75,0.00,3822,3822,0.0,0.00,48.4,46.2,-8.6,65.6,67.2,56.5,72.9,70.7,118.7,6.42,46.2,48.4,70.7,72.9,56.5,67.2,61579.3,-0.12,51163.4,65143.4,0.00,36.6,0.00,103.2,0,,,,,,,1,0,1,1,0,1,1,0.42,0.00,118.70,6.42,-8.69,0.00,,118.70,6.42,0.00,0.00,,,46.96,,,0.00,,,0.00,46.96,0.00,,65.61,,,,,,,,,,,,4.53,0.00,0.00,,,4.61,,,,71.00,0.00,,125.12,125.12,-8.69,116.43,0.00,,0.00,,,46.96,46.96,46.96,,,0.00,0.00,,,,,,,4.53,0.00,,,0.00,4.61,,4.53,,,,65.61,,,,,,,,,,,,,,,,,,,,,,,,,,,,,,,,,,,,,,,,,,,,,,,,,,,,,,,,,,,,,,,,,,,,,,,,,,,,,,,,,,,,,,,,,,,,,,,,,,,,,,,,,,,,,,,,,,,,,,
1011.80,0.00,9002,0.00,6720.00,18.57,58680.00,183.75,4343,2.93,407.20,0.00,2756,0.00,0.00,18.57,0.00,3822,3822,0.0,0.00,47.4,45.2,-1.9,65.5,67.4,56.0,72.8,70.7,110.5,6.88,45.2,47.4,70.7,72.8,56.0,67.4,61581.0,-0.12,51163.4,65143.4,0.00,36.6,0.00,101.8,0,,,,,,,1,0,1,1,0,1,1,3.62,0.00,110.51,6.88,-1.95,0.00,,110.51,6.88,0.00,0.00,,,45.98,,,0.00,,,0.00,45.98,0.00,,65.58,,,,,,,,,,,,2.93,0.00,0.00,,,4.52,,,,71.00,0.00,,117.39,117.39,-1.95,115.44,0.00,,0.00,,,45.98,45.98,45.98,,,0.00,0.00,,,,,,,2.93,0.00,,,0.00,4.52,,2.93,,,,65.58,,,,,,,,,,,,,,,,,,,,,,,,,,,,,,,,,,,,,,,,,,,,,,,,,,,,,,,,,,,,,,,,,,,,,,,,,,,,,,,,,,,,,,,,,,,,,,,,,,,,,,,,,,,,,,,,,,,,,,
1011.80,0.00,9002,0.00,6726.00,18.93,58720.10,174.47,4344,4.66,407.20,0.00,2756,0.00,0.00,18.93,0.00,3822,3822,0.0,0.00,46.5,44.2,26.3,65.3,66.8,54.9,72.8,70.6,90.4,4.41,44.2,46.5,70.6,72.8,54.9,66.8,61582.7,-0.14,51163.4,65143.5,0.00,36.6,0.00,109.2,0,,,,,,,1,0,1,1,0,0,0,29.62,0.00,90.42,4.41,26.38,0.00,,90.42,4.41,0.00,0.00,,,48.20,,,0.00,,,0.00,48.20,0.00,,65.34,,,,,,,,,,,,4.66,0.00,0.00,,,4.74,,,,71.00,0.00,,94.83,94.83,26.38,121.22,0.00,,0.00,,,48.20,48.20,48.20,,,0.00,0.00,,,,,,,4.66,0.00,,,0.00,4.74,,4.66,,,,65.34,,,,,,,,,,,,,,,,,,,,,,,,,,,,,,,,,,,,,,,,,,,,,,,,,,,,,,,,,,,,,,,,,,,,,,,,,,,,,,,,,,,,,,,,,,,,,,,,,,,,,,,,,,,,,,,,,,,,,,
1011.80,0.14,9002,0.00,6730.00,18.48,58766.40,174.48,4345,4.93,407.20,0.03,2756,0.00,0.00,18.48,0.00,3822,3822,2.0,4.27,50.5,48.9,42.9,65.0,66.0,53.8,72.5,70.3,62.4,3.30,48.9,50.5,70.3,72.5,53.8,66.0,61583.8,-0.14,51163.4,65143.5,0.00,36.6,4.27,98.7,1,,,,,,,1,0,1,1,0,0,0,42.99,2.08,62.45,3.30,42.99,2.08,,62.45,3.30,0.14,0.00,,,47.24,,,0.00,,,0.14,47.24,0.00,,65.04,,,,,,,,,,,,4.93,0.38,0.00,,,4.64,,,,71.00,2.08,,65.75,67.84,42.99,110.83,0.14,,0.00,,,47.24,47.39,47.39,,,0.00,0.00,,,,,,,4.93,0.38,,,0.00,4.64,,4.93,,,,65.04,,,,,,,,,,,,,,,,,,,,,,,,,,,,,,,,,,,,,,,,,,,,,,,,,,,,,,,,,,,,,,,,,,,,,,,,,,,,,,,,,,,,,,,,,,,,,,,,,,,,,,,,,,,,,,,,,,,,,,
1012.40,1.20,9002,0.00,6734.00,18.84,58807.30,172.05,4346,3.46,407.30,0.20,2756,0.21,1.20,18.84,0.00,3822,3822,0.0,0.00,64.5,64.1,23.7,64.5,65.2,52.8,72.1,69.9,80.3,3.46,64.1,64.5,69.9,72.1,52.8,65.2,61584.6,-0.14,51163.4,65143.5,0.00,36.6,0.00,97.3,0,,,,,,,1,0,1,1,0,1,1,23.72,0.00,80.31,3.46,23.72,0.00,,80.31,3.46,0.02,0.00,,,48.76,,,0.00,,,0.02,48.76,0.00,,64.59,,,,,,,,,,,,3.46,0.00,0.00,,,4.79,,,,71.00,0.00,,83.78,83.78,23.72,107.50,0.02,,0.00,,,48.76,48.78,48.78,,,0.00,0.00,,,,,,,3.46,0.00,,,0.00,4.79,,3.46,,,,64.59,,,,,,,,,,,,,,,,,,,,,,,,,,,,,,,,,,,,,,,,,,,,,,,,,,,,,,,,,,,,,,,,,,,,,,,,,,,,,,,,,,,,,,,,,,,,,,,,,,,,,,,,,,,,,,,,,,,,,,
1012.40,1.96,9002,0.00,6740.00,18.93,58853.10,172.44,4347,4.48,407.30,0.52,2757,2.00,1.20,18.93,0.00,3822,3822,4.9,7.93,65.7,64.5,17.9,64.0,64.6,51.4,71.5,69.3,87.3,4.18,64.5,65.7,69.3,71.5,51.4,64.6,61585.5,-0.14,51163.4,65143.6,0.00,36.6,7.93,99.0,1,,,,,,,1,0,1,1,0,0,0,20.53,4.90,87.33,4.18,17.97,4.90,,87.33,4.18,2.52,0.00,,,48.56,,,0.00,,,2.52,48.56,0.00,,64.04,,,,,,,,,,,,4.48,0.64,0.00,,,4.77,,,,71.00,4.90,,91.52,96.42,17.97,114.40,2.52,,0.00,,,48.56,51.09,51.09,,,0.00,0.00,,,,,,,4.48,0.64,,,0.00,4.77,,4.48,,,,64.04,,,,,,,,,,,,,,,,,,,,,,,,,,,,,,,,,,,,,,,,,,,,,,,,,,,,,,,,,,,,,,,,,,,,,,,,,,,,,,,,,,,,,,,,,,,,,,,,,,,,,,,,,,,,,,,,,,,,,,
1013.20,1.60,9002,0.00,6744.00,18.48,58896.00,181.28,4349,4.84,407.60,0.60,2757,1.78,1.60,18.48,0.00,3822,3822,0.0,0.00,63.5,63.2,-10.2,63.6,66.2,50.2,71.2,68.9,114.3,6.74,63.2,63.5,68.9,71.2,50.2,66.2,61586.5,-0.13,51163.4,65143.6,0.00,36.6,0.00,97.5,0,,,,,,,1,0,1,1,0,0,0,0.31,0.00,114.38,6.74,-10.24,0.00,,114.38,6.74,0.01,0.00,,,48.57,,,0.00,,,0.01,48.57,0.00,,63.62,,,,,,,,,,,,4.84,0.00,0.00,,,4.77,,,,71.00,0.00,,121.12,121.12,-10.24,110.88,0.01,,0.00,,,48.57,48.58,48.58,,,0.00,0.00,,,,,,,4.84,0.00,,,0.00,4.77,,4.84,,,,63.62,,,,,,,,,,,,,,,,,,,,,,,,,,,,,,,,,,,,,,,,,,,,,,,,,,,,,,,,,,,,,,,,,,,,,,,,,,,,,,,,,,,,,,,,,,,,,,,,,,,,,,,,,,,,,,,,,,,,,,
1013.20,0.69,9002,0.00,6748.00,18.84,58942.40,179.79,4349,3.51,407.60,0.24,2757,0.00,0.00,18.84,0.00,3822,3822,0.0,0.00,61.7,61.2,5.1,63.0,66.6,49.3,70.9,68.6,99.4,6.43,61.2,61.7,68.6,70.9,49.3,66.6,61588.2,-0.13,51163.4,65143.6,0.00,36.6,0.00,97.9,0,,,,,,,1,0,1,1,0,1,1,12.16,0.00,99.42,6.43,5.13,0.00,,99.42,6.43,0.08,0.00,,,49.70,,,0.00,,,0.08,49.70,0.00,,63.03,,,,,,,,,,,,3.51,0.00,0.00,,,4.88,,,,71.00,0.00,,105.86,105.86,5.13,111.00,0.08,,0.00,,,49.70,49.78,49.78,,,0.00,0.00,,,,,,,3.51,0.00,,,0.00,4.88,,3.51,,,,63.03,,,,,,,,,,,,,,,,,,,,,,,,,,,,,,,,,,,,,,,,,,,,,,,,,,,,,,,,,,,,,,,,,,,,,,,,,,,,,,,,,,,,,,,,,,,,,,,,,,,,,,,,,,,,,,,,,,,,,,
1013.20,0.00,9002,0.00,6754.00,18.66,58983.80,174.16,4350,2.48,407.60,0.00,2757,0.47,0.00,18.66,0.00,3822,3822,0.0,0.00,60.1,59.2,6.0,62.1,66.3,48.3,70.4,68.0,109.0,6.25,59.2,60.1,68.0,70.4,48.3,66.3,61589.8,-0.13,51163.4,65143.7,0.00,36.6,0.00,108.2,0,,,,,,,1,0,1,1,0,0,0,8.68,0.00,109.04,6.25,6.06,0.00,,109.04,6.25,0.00,0.00,,,52.62,,,0.00,,,0.00,52.62,0.00,,62.12,,,,,,,,,,,,2.48,0.00,0.00,,,5.17,,,,71.00,0.00,,115.29,115.29,6.06,121.36,0.00,,0.00,,,52.62,52.62,52.62,,,0.00,0.00,,,,,,,2.48,0.00,,,0.00,5.17,,2.48,,,,62.12,,,,,,,,,,,,,,,,,,,,,,,,,,,,,,,,,,,,,,,,,,,,,,,,,,,,,,,,,,,,,,,,,,,,,,,,,,,,,,,,,,,,,,,,,,,,,,,,,,,,,,,,,,,,,,,,,,,,,,
1013.20,0.00,9002,0.00,6758.00,18.48,59028.20,170.14,4351,2.80,407.60,0.00,2758,2.00,0.00,18.48,0.00,3822,3822,0.0,0.00,58.6,57.5,-8.9,61.1,65.6,46.9,69.4,67.0,108.7,8.08,57.5,58.6,67.0,69.4,46.9,65.6,61591.4,-0.13,51163.4,65143.7,0.00,36.6,0.00,93.2,0,,,,,,,1,0,1,1,0,1,1,0.96,0.00,108.72,8.08,-8.96,0.00,,108.72,8.08,0.00,0.00,,,52.47,,,0.00,,,0.00,52.47,0.00,,61.16,,,,,,,,,,,,2.80,0.00,0.00,,,5.16,,,,71.00,0.00,,116.80,116.80,-8.96,107.84,0.00,,0.00,,,52.47,52.47,52.47,,,0.00,0.00,,,,,,,2.80,0.00,,,0.00,5.16,,2.80,,,,61.16,,,,,,,,,,,,,,,,,,,,,,,,,,,,,,,,,,,,,,,,,,,,,,,,,,,,,,,,,,,,,,,,,,,,,,,,,,,,,,,,,,,,,,,,,,,,,,,,,,,,,,,,,,,,,,,,,,,,,,
1013.20,0.00,9002,0.00,6764.00,18.84,59069.60,171.52,4352,3.51,407.60,0.00,2758,1.52,0.00,18.84,0.00,3822,3822,0.0,0.00,57.3,55.8,11.0,59.7,64.8,41.1,68.4,65.9,106.7,4.67,55.8,57.3,65.9,68.4,41.1,64.8,61593.4,-0.13,51163.4,65143.7,0.00,36.6,0.00,110.4,0,,,,,,,1,0,1,1,0,1,1,12.78,0.00,106.71,4.67,11.00,0.00,,106.71,4.67,0.00,0.00,,,55.11,,,0.00,,,0.00,55.11,0.00,,59.70,,,,,,,,,,,,3.51,0.00,0.00,,,5.42,,,,71.00,0.00,,111.39,111.39,11.00,122.39,0.00,,0.00,,,55.11,55.11,55.11,,,0.00,0.00,,,,,,,3.51,0.00,,,0.00,5.42,,3.51,,,,59.70,,,,,,,,,,,,,,,,,,,,,,,,,,,,,,,,,,,,,,,,,,,,,,,,,,,,,,,,,,,,,,,,,,,,,,,,,,,,,,,,,,,,,,,,,,,,,,,,,,,,,,,,,,,,,,,,,,,,,,
1013.20,0.73,9002,4.62,6768.00,18.93,59114.50,174.80,4352,4.40,407.60,0.29,2758,1.43,0.00,18.93,0.00,3822,3822,11.9,19.03,61.7,58.9,46.6,58.0,63.8,48.6,67.0,64.5,63.7,2.52,58.9,61.7,64.5,67.0,48.6,63.8,61594.6,-0.13,51163.4,65143.8,0.00,36.6,19.03,100.6,1,,,,,,,1,0,1,1,0,0,0,46.65,11.94,63.79,2.52,46.65,11.94,,63.79,2.52,3.14,30.00,,,55.41,,,0.00,,,3.14,55.41,30.00,,58.07,,,,,,,,,,,,4.40,1.45,1.47,,,5.45,,,,71.00,11.94,,66.31,78.26,46.65,124.91,3.14,,30.00,,,55.41,88.55,88.55,,,0.00,0.00,,,,,,,4.40,1.45,,,1.47,5.45,,4.40,,,,58.07,,,,,,,,,,,,,,,,,,,,,,,,,,,,,,,,,,,,,,,,,,,,,,,,,,,,,,,,,,,,,,,,,,,,,,,,,,,,,,,,,,,,,,,,,,,,,,,,,,,,,,,,,,,,,,,,,,,,,,
1014.20,3.12,9010,27.33,6772.00,18.48,59156.00,171.90,4356,10.31,408.00,1.08,2761,6.87,2.00,18.48,16.00,3822,3822,2.4,7.24,62.7,61.5,42.2,60.9,64.5,61.0,67.6,65.6,85.9,3.37,61.5,62.7,65.6,67.6,61.0,64.5,61595.2,-0.13,51163.4,65143.8,0.00,36.6,7.24,105.7,1,,,,,,,1,0,1,1,0,1,1,42.24,2.49,85.94,3.37,42.24,2.49,,85.94,3.37,3.57,106.25,,,43.61,,,0.00,,,3.57,43.61,106.25,,60.91,,,,,,,,,,,,10.31,0.45,5.21,,,4.28,,,,71.00,2.49,,89.32,91.81,42.24,134.06,3.57,,106.25,,,43.61,153.43,153.43,,,0.00,0.00,,,,,,,10.31,0.45,,,5.21,4.28,,10.31,,,,60.91,,,,,,,,,,,,,,,,,,,,,,,,,,,,,,,,,,,,,,,,,,,,,,,,,,,,,,,,,,,,,,,,,,,,,,,,,,,,,,,,,,,,,,,,,,,,,,,,,,,,,,,,,,,,,,,,,,,,,,
1015.00,4.46,9022,46.71,6778.00,18.84,59201.60,172.52,4358,13.64,408.20,1.70,2762,9.38,3.60,18.84,40.00,3822,3822,25.0,38.23,71.6,66.8,96.4,62.7,64.9,62.3,69.5,67.5,23.9,0.88,66.8,71.6,67.5,69.5,62.3,64.9,61596.0,-0.13,51163.4,65143.8,0.00,36.6,38.23,93.9,1,,,,,,,1,0,1,1,0,1,1,96.44,25.00,23.97,0.88,96.44,25.00,,23.97,0.88,25.17,141.48,,,43.37,,,0.00,,,25.17,43.37,141.48,,62.70,,,,,,,,,,,,13.64,2.90,6.95,,,4.26,,,,71.00,25.00,,24.85,49.85,96.44,146.30,25.17,,141.48,,,43.37,210.03,210.03,,,0.00,0.00,,,,,,,13.64,2.90,,,6.95,4.26,,13.64,,,,62.70,,,,,,,,,,,,,,,,,,,,,,,,,,,,,,,,,,,,,,,,,,,,,,,,,,,,,,,,,,,,,,,,,,,,,,,,,,,,,,,,,,,,,,,,,,,,,,,,,,,,,,,,,,,,,,,,,,,,,,
1016.60,5.20,9034,48.80,6782.00,18.93,59242.90,172.25,4361,10.13,409.10,2.59,2764,6.13,4.80,18.93,48.00,3823,3823,25.0,38.80,74.2,68.7,87.4,63.6,64.8,63.4,70.9,68.8,27.6,1.55,68.7,74.2,68.8,70.9,63.4,64.8,61596.3,-0.13,51163.4,65143.9,0.00,36.6,38.80,85.6,1,,,,,,,1,0,1,1,0,0,0,87.48,25.00,27.60,1.55,87.48,25.00,,27.60,1.55,33.17,79.02,,,46.40,,,0.00,,,33.17,46.40,79.02,,63.63,,,,,,,,,,,,10.13,2.90,3.88,,,4.56,,,,71.00,25.00,,29.16,54.16,87.48,141.64,33.17,,79.02,,,46.40,158.60,158.60,,,0.00,0.00,,,,,,,10.13,2.90,,,3.88,4.56,,10.13,,,,63.63,,,,,,,,,,,,,,,,,,,,,,,,,,,,,,,,,,,,,,,,,,,,,,,,,,,,,,,,,,,,,,,,,,,,,,,,,,,,,,,,,,,,,,,,,,,,,,,,,,,,,,,,,,,,,,,,,,,,,,
1018.20,6.24,9046,48.80,6786.00,18.48,59285.50,166.78,4363,7.24,409.90,3.34,2765,3.17,6.00,18.48,48.00,3823,3823,25.0,38.80,74.6,69.0,114.1,63.8,64.6,63.7,71.6,69.3,16.1,0.86,69.0,74.6,69.3,71.6,63.7,64.6,61596.6,-0.13,51163.4,65143.9,0.00,36.6,38.80,96.4,1,,,,,,,1,0,1,1,0,0,0,114.14,25.00,16.13,0.86,114.14,25.00,,16.13,0.86,40.39,50.37,,,49.18,,,0.00,,,40.39,49.18,50.37,,63.84,,,,,,,,,,,,7.24,2.90,2.47,,,4.83,,,,71.00,25.00,,16.99,41.99,114.14,156.13,40.39,,50.37,,,49.18,139.95,139.95,,,0.00,0.00,,,,,,,7.24,2.90,,,2.47,4.83,,7.24,,,,63.84,,,,,,,,,,,,,,,,,,,,,,,,,,,,,,,,,,,,,,,,,,,,,,,,,,,,,,,,,,,,,,,,,,,,,,,,,,,,,,,,,,,,,,,,,,,,,,,,,,,,,,,,,,,,,,,,,,,,,,
1019.80,6.28,9058,48.00,6792.00,18.84,59327.20,130.69,4365,7.33,410.70,3.34,2765,1.94,6.00,18.84,48.00,3823,3823,25.0,38.80,74.9,69.3,116.0,63.9,65.0,62.8,69.3,67.9,3.8,0.21,69.3,74.9,67.9,69.3,62.8,65.0,61596.9,-0.13,51163.4,65143.9,0.00,36.6,38.80,86.1,1,,,,,,,1,0,1,1,0,1,1,116.04,25.00,3.87,0.21,116.04,25.00,,3.87,0.21,40.83,123.09,,,29.48,,,0.00,,,40.83,29.48,123.09,,63.96,,,,,,,,,,,,7.33,2.90,6.04,,,2.89,,,,71.00,25.00,,4.08,29.08,116.04,145.13,40.83,,123.09,,,29.48,193.42,193.42,,,0.00,0.00,,,,,,,7.33,2.90,,,6.04,2.89,,7.33,,,,63.96,,,,,,,,,,,,,,,,,,,,,,,,,,,,,,,,,,,,,,,,,,,,,,,,,,,,,,,,,,,,,,,,,,,,,,,,,,,,,,,,,,,,,,,,,,,,,,,,,,,,,,,,,,,,,,,,,,,,,,
1021.40,6.32,9070,48.53,6796.00,18.66,59328.40,48.85,4368,10.62,411.60,3.32,2767,5.81,6.00,18.66,48.00,3823,3823,25.0,38.80,75.0,69.5,106.3,64.3,65.6,63.9,66.3,65.8,7.5,0.31,69.5,75.0,65.8,66.3,63.9,65.6,61596.9,-0.13,51163.4,65144.0,0.00,36.6,38.80,85.5,1,,,,,,,1,0,1,1,0,1,1,106.34,25.00,7.55,0.31,106.34,25.00,,7.55,0.31,40.75,96.42,,,11.34,,,0.00,,,40.75,11.34,96.42,,64.38,,,,,,,,,,,,10.62,2.90,4.73,,,1.11,,,,71.00,25.00,,7.86,32.86,106.34,139.20,40.75,,96.42,,,11.34,148.52,148.52,,,0.00,0.00,,,,,,,10.62,2.90,,,4.73,1.11,,10.62,,,,64.38,,,,,,,,,,,,,,,,,,,,,,,,,,,,,,,,,,,,,,,,,,,,,,,,,,,,,,,,,,,,,,,,,,,,,,,,,,,,,,,,,,,,,,,,,,,,,,,,,,,,,,,,,,,,,,,,,,,,,,
1023.00,6.28,9082,48.80,6800.00,18.48,59328.40,0.15,4370,8.84,412.40,3.30,2768,5.04,6.00,18.48,48.00,3824,3824,25.0,38.80,75.2,69.6,83.0,64.5,65.0,64.5,65.8,65.4,15.0,0.56,69.6,75.2,65.4,65.8,64.5,65.0,61597.0,-0.13,51163.4,65144.0,0.00,36.6,38.80,72.9,1,,,,,,,1,0,1,1,0,0,0,83.08,25.00,15.04,0.56,83.08,25.00,,15.04,0.56,40.57,32.36,,,7.96,,,0.00,,,40.57,7.96,32.36,,64.50,,,,,,,,,,,,8.84,2.90,1.58,,,0.78,,,,71.00,25.00,,15.61,40.61,83.08,123.69,40.57,,32.36,,,7.96,80.90,80.90,,,0.00,0.00,,,,,,,8.84,2.90,,,1.58,0.78,,8.84,,,,64.50,,,,,,,,,,,,,,,,,,,,,,,,,,,,,,,,,,,,,,,,,,,,,,,,,,,,,,,,,,,,,,,,,,,,,,,,,,,,,,,,,,,,,,,,,,,,,,,,,,,,,,,,,,,,,,,,,,,,,,
1024.40,6.24,9094,48.26,6806.00,18.84,59328.40,0.00,4371,5.51,413.20,3.26,2768,0.18,6.00,18.84,48.00,3824,3824,25.0,38.80,75.0,69.5,90.4,64.3,65.3,64.0,65.5,65.2,15.2,0.53,69.5,75.0,65.2,65.5,64.0,65.3,61597.1,-0.14,51163.4,65144.0,0.00,36.6,38.80,77.0,1,,,,,,,1,0,1,1,0,0,0,90.44,25.00,15.22,0.53,90.44,25.00,,15.22,0.53,40.44,71.14,,,6.72,,,0.00,,,40.44,6.72,71.14,,64.31,,,,,,,,,,,,5.51,2.90,3.49,,,0.66,,,,71.00,25.00,,15.76,40.76,90.44,131.20,40.44,,71.14,,,6.72,118.31,118.31,,,0.00,0.00,,,,,,,5.51,2.90,,,3.49,0.66,,5.51,,,,64.31,,,,,,,,,,,,,,,,,,,,,,,,,,,,,,,,,,,,,,,,,,,,,,,,,,,,,,,,,,,,,,,,,,,,,,,,,,,,,,,,,,,,,,,,,,,,,,,,,,,,,,,,,,,,,,,,,,,,,,
1026.00,6.32,9108,38.95,6810.00,14.84,59328.40,0.00,4373,6.26,414.00,3.24,2768,0.00,6.00,14.84,28.00,3824,3824,25.0,38.80,75.0,69.4,79.4,64.3,64.3,54.4,65.0,64.7,12.3,0.54,69.4,75.0,64.7,65.0,54.4,64.3,61597.3,-0.14,51163.4,65144.1,0.00,36.6,38.80,66.3,1,,,,,,,1,0,1,1,0,1,1,79.47,25.00,12.35,0.54,79.47,25.00,,12.35,0.54,40.93,426.04,,,7.72,,,3.55,,,40.93,7.72,426.04,,64.31,,,,,,,,,,,,6.26,2.90,20.92,,,0.75,,,,71.00,25.00,,12.90,37.90,79.47,117.37,40.93,,426.04,,,7.72,474.70,474.70,,,3.55,3.55,,,,,,,6.26,2.90,,,20.92,0.75,,6.26,,,,64.31,,,,,,,,,,,,,,,,,,,,,,,,,,,,,,,,,,,,,,,,,,,,,,,,,,,,,,,,,,,,,,,,,,,,,,,,,,,,,,,,,,,,,,,,,,,,,,,,,,,,,,,,,,,,,,,,,,,,,,
1027.60,6.32,9108,15.06,6810.00,5.33,59328.40,0.00,4374,5.77,414.80,3.26,2768,0.00,6.00,5.33,4.00,3824,3824,25.0,38.80,74.6,69.0,75.9,63.9,63.7,50.1,65.8,62.5,14.2,0.65,69.0,74.6,62.5,65.8,50.1,63.7,61597.4,-0.14,51163.4,65144.1,0.00,36.6,38.80,67.5,1,,,,,,,1,0,1,1,0,1,1,75.95,25.00,14.27,0.65,75.95,25.00,,14.27,0.65,41.11,232.10,,,18.41,,,0.00,,,41.11,18.41,232.10,,63.92,,,,,,,,,,,,5.77,2.90,11.40,,,1.81,,,,71.00,25.00,,14.93,39.93,75.95,115.88,41.11,,232.10,,,18.41,291.63,291.63,,,0.00,0.00,,,,,,,5.77,2.90,,,11.40,1.81,,5.77,,,,63.92,,,,,,,,,,,,,,,,,,,,,,,,,,,,,,,,,,,,,,,,,,,,,,,,,,,,,,,,,,,,,,,,,,,,,,,,,,,,,,,,,,,,,,,,,,,,,,,,,,,,,,,,,,,,,,,,,,,,,,
1029.20,6.24,9108,0.11,6810.00,0.00,59328.40,0.00,4375,4.66,415.60,3.22,2768,0.00,6.00,0.00,0.00,3825,3825,20.2,34.34,73.3,68.1,61.5,63.3,63.0,48.9,66.6,60.6,19.1,0.92,68.1,73.3,60.6,66.6,48.9,63.0,61597.6,-0.14,51163.4,65144.1,0.00,36.6,34.34,59.3,1,,,,,,,1,0,1,1,0,0,0,61.54,20.25,19.19,0.92,61.54,20.25,,19.19,0.92,37.52,1.82,,,0.00,,,0.00,,,37.52,0.00,1.82,,63.37,,,,,,,,,,,,4.66,2.48,0.08,,,0.00,,,,71.00,20.25,,20.12,40.37,61.54,101.92,37.52,,1.82,,,0.00,39.35,39.35,,,0.00,0.00,,,,,,,4.66,2.48,,,0.08,0.00,,4.66,,,,63.37,,,,,,,,,,,,,,,,,,,,,,,,,,,,,,,,,,,,,,,,,,,,,,,,,,,,,,,,,,,,,,,,,,,,,,,,,,,,,,,,,,,,,,,,,,,,,,,,,,,,,,,,,,,,,,,,,,,,,,
1030.80,6.28,9108,0.00,6810.00,0.00,59328.40,0.00,4376,3.46,416.30,2.80,2768,0.00,6.00,0.00,0.00,3825,3825,14.5,28.88,71.9,67.7,59.8,63.7,62.8,48.0,67.2,59.5,17.9,0.79,67.7,71.9,59.5,67.2,48.0,62.8,61597.8,-0.14,51163.4,65144.2,0.00,36.6,28.88,57.4,1,,,,,,,1,0,1,1,0,0,0,59.88,14.51,17.90,0.79,59.88,14.51,,17.90,0.79,30.99,0.00,,,0.00,,,0.00,,,30.99,0.00,0.00,,63.75,,,,,,,,,,,,3.46,1.97,0.00,,,0.00,,,,71.00,14.51,,18.70,33.21,59.88,93.09,30.99,,0.00,,,0.00,30.99,30.99,,,0.00,0.00,,,,,,,3.46,1.97,,,0.00,0.00,,3.46,,,,63.75,,,,,,,,,,,,,,,,,,,,,,,,,,,,,,,,,,,,,,,,,,,,,,,,,,,,,,,,,,,,,,,,,,,,,,,,,,,,,,,,,,,,,,,,,,,,,,,,,,,,,,,,,,,,,,,,,,,,,,
1032.40,6.32,9108,0.00,6810.00,0.00,59328.40,0.00,4377,2.44,416.90,2.33,2768,0.00,6.00,0.00,0.00,3825,3825,15.7,30.03,72.5,68.2,60.2,64.2,62.8,47.0,67.8,58.7,10.0,0.41,68.2,72.5,58.7,67.8,47.0,62.8,61598.0,-0.14,51163.4,65144.2,0.00,36.6,30.03,54.7,1,,,,,,,1,0,1,1,0,0,0,60.27,15.73,10.04,0.41,60.27,15.73,,10.04,0.41,31.72,0.00,,,0.00,,,0.00,,,31.72,0.00,0.00,,64.23,,,,,,,,,,,,2.44,2.08,0.00,,,0.00,,,,71.00,15.73,,10.46,26.19,60.27,86.47,31.72,,0.00,,,0.00,31.72,31.72,,,0.00,0.00,,,,,,,2.44,2.08,,,0.00,0.00,,2.44,,,,64.23,,,,,,,,,,,,,,,,,,,,,,,,,,,,,,,,,,,,,,,,,,,,,,,,,,,,,,,,,,,,,,,,,,,,,,,,,,,,,,,,,,,,,,,,,,,,,,,,,,,,,,,,,,,,,,,,,,,,,,
1034.00,6.25,9108,0.00,6810.00,0.00,59328.40,0.00,4377,2.93,417.50,2.15,2768,0.00,6.00,0.00,0.00,3825,3825,10.2,24.86,71.9,68.1,52.6,64.6,63.0,46.8,68.2,58.9,6.0,0.15,68.1,71.9,58.9,68.2,46.8,63.0,61598.1,-0.14,51163.4,65144.3,0.00,36.6,24.86,47.6,1,,,,,,,1,0,1,1,0,0,0,52.63,10.26,6.02,0.15,52.63,10.26,,6.02,0.15,27.37,0.00,,,0.00,,,0.00,,,27.37,0.00,0.00,,64.61,,,,,,,,,,,,2.93,1.59,0.00,,,0.00,,,,71.00,10.26,,6.17,16.44,52.63,69.07,27.37,,0.00,,,0.00,27.37,27.37,,,0.00,0.00,,,,,,,2.93,1.59,,,0.00,0.00,,2.93,,,,64.61,,,,,,,,,,,,,,,,,,,,,,,,,,,,,,,,,,,,,,,,,,,,,,,,,,,,,,,,,,,,,,,,,,,,,,,,,,,,,,,,,,,,,,,,,,,,,,,,,,,,,,,,,,,,,,,,,,,,,,
1035.40,6.24,9108,0.00,6810.00,0.00,59328.40,0.00,4378,2.00,417.90,1.87,2768,0.00,6.00,0.00,0.00,3826,3826,6.1,19.16,71.2,68.0,45.4,64.8,63.3,46.7,68.7,59.2,4.4,0.07,68.0,71.2,59.2,68.7,46.7,63.3,61598.1,-0.14,51163.4,65144.3,0.00,36.6,19.16,40.5,1,,,,,,,1,0,1,1,0,0,0,45.41,6.18,4.45,0.07,45.41,6.18,,4.45,0.07,23.45,0.00,,,0.00,,,0.00,,,23.45,0.00,0.00,,64.89,,,,,,,,,,,,2.00,1.17,0.00,,,0.00,,,,71.00,6.18,,4.53,10.71,45.41,56.13,23.45,,0.00,,,0.00,23.45,23.45,,,0.00,0.00,,,,,,,2.00,1.17,,,0.00,0.00,,2.00,,,,64.89,,,,,,,,,,,,,,,,,,,,,,,,,,,,,,,,,,,,,,,,,,,,,,,,,,,,,,,,,,,,,,,,,,,,,,,,,,,,,,,,,,,,,,,,,,,,,,,,,,,,,,,,,,,,,,,,,,,,,,
1037.00,4.74,9108,0.00,6810.00,0.00,59328.40,0.00,4378,0.17,418.30,1.24,2768,0.00,3.20,0.00,0.00,3826,3826,0.0,0.00,65.3,64.9,33.0,65.0,63.3,46.1,69.0,59.4,1.8,0.00,64.9,65.3,59.4,69.0,46.1,63.3,61598.2,-0.14,51163.4,65144.3,0.00,36.6,0.00,26.9,0,,,,,,,1,0,1,1,0,0,0,33.09,0.00,1.86,0.00,33.09,0.00,,1.86,0.00,2.17,0.00,,,0.00,,,0.00,,,2.17,0.00,0.00,,65.03,,,,,,,,,,,,0.17,0.00,0.00,,,0.00,,,,71.00,0.00,,1.86,1.86,33.09,34.95,2.17,,0.00,,,0.00,2.17,2.17,,,0.00,0.00,,,,,,,0.17,0.00,,,0.00,0.00,,0.17,,,,65.03,,,,,,,,,,,,,,,,,,,,,,,,,,,,,,,,,,,,,,,,,,,,,,,,,,,,,,,,,,,,,,,,,,,,,,,,,,,,,,,,,,,,,,,,,,,,,,,,,,,,,,,,,,,,,,,,,,,,,,
1037.00,1.60,9108,0.00,6810.00,0.00,59328.40,0.00,4378,0.00,418.30,0.41,2768,0.00,0.00,0.00,0.00,3826,3826,0.0,0.00,63.6,62.9,26.8,65.0,63.5,45.5,69.3,59.6,0.4,0.00,62.9,63.6,59.6,69.3,45.5,63.5,61598.2,-0.14,51163.4,65144.4,0.00,36.6,0.00,20.1,0,,,,,,,1,0,1,1,0,0,0,26.85,0.00,0.44,0.00,26.85,0.00,,0.44,0.00,0.67,0.00,,,0.00,,,0.00,,,0.67,0.00,0.00,,65.03,,,,,,,,,,,,0.00,0.00,0.00,,,0.00,,,,71.00,0.00,,0.44,0.44,26.85,27.29,0.67,,0.00,,,0.00,0.67,0.67,,,0.00,0.00,,,,,,,0.00,0.00,,,0.00,0.00,,0.00,,,,65.03,,,,,,,,,,,,,,,,,,,,,,,,,,,,,,,,,,,,,,,,,,,,,,,,,,,,,,,,,,,,,,,,,,,,,,,,,,,,,,,,,,,,,,,,,,,,,,,,,,,,,,,,,,,,,,,,,,,,,,
1037.00,0.00,9108,0.00,6810.00,0.00,59328.40,0.00,4378,0.00,418.30,0.00,2768,0.00,0.00,0.00,0.00,3826,3826,0.0,0.00,62.0,60.9,24.8,65.0,63.7,45.0,69.4,59.5,0.0,0.00,60.9,62.0,59.5,69.4,45.0,63.7,61598.2,-0.14,51163.4,65144.4,0.00,36.6,0.00,18.7,0,,,,,,,1,0,1,1,0,0,0,24.84,0.00,0.06,0.00,24.84,0.00,,0.06,0.00,0.00,0.00,,,0.00,,,0.00,,,0.00,0.00,0.00,,65.02,,,,,,,,,,,,0.00,0.00,0.00,,,0.00,,,,71.00,0.00,,0.06,0.06,24.84,24.91,0.00,,0.00,,,0.00,0.00,0.00,,,0.00,0.00,,,,,,,0.00,0.00,,,0.00,0.00,,0.00,,,,65.02,,,,,,,,,,,,,,,,,,,,,,,,,,,,,,,,,,,,,,,,,,,,,,,,,,,,,,,,,,,,,,,,,,,,,,,,,,,,,,,,,,,,,,,,,,,,,,,,,,,,,,,,,,,,,,,,,,,,,,
1037.00,0.00,9108,0.00,6810.00,0.00,59328.40,0.00,4378,0.00,418.30,0.00,2768,0.00,0.00,0.00,0.00,3826,3826,0.0,0.00,60.2,58.9,23.8,64.9,63.6,44.6,69.5,59.4,0.0,0.00,58.9,60.2,59.4,69.5,44.6,63.6,61598.2,-0.14,51163.4,65144.4,0.00,36.6,0.00,18.5,0,,,,,,,1,0,1,1,0,0,0,23.89,0.00,0.01,0.00,23.89,0.00,,0.01,0.00,0.00,0.00,,,0.00,,,0.00,,,0.00,0.00,0.00,,64.95,,,,,,,,,,,,0.00,0.00,0.00,,,0.00,,,,71.00,0.00,,0.01,0.01,23.89,23.90,0.00,,0.00,,,0.00,0.00,0.00,,,0.00,0.00,,,,,,,0.00,0.00,,,0.00,0.00,,0.00,,,,64.95,,,,,,,,,,,,,,,,,,,,,,,,,,,,,,,,,,,,,,,,,,,,,,,,,,,,,,,,,,,,,,,,,,,,,,,,,,,,,,,,,,,,,,,,,,,,,,,,,,,,,,,,,,,,,,,,,,,,,,
1037.00,0.00,9108,0.00,6810.00,0.00,59328.40,0.00,4378,0.00,418.30,0.00,2768,0.00,0.00,0.00,0.00,3826,3826,0.0,0.00,58.5,57.0,25.6,64.9,63.6,44.2,69.7,59.3,0.0,0.00,57.0,58.5,59.3,69.7,44.2,63.6,61598.2,-0.14,51163.4,65144.5,0.00,36.6,0.00,20.4,0,,,,,,,1,0,1,1,0,0,0,25.65,0.00,0.00,0.00,25.65,0.00,,0.00,0.00,0.00,0.00,,,0.00,,,0.00,,,0.00,0.00,0.00,,64.90,,,,,,,,,,,,0.00,0.00,0.00,,,0.00,,,,71.00,0.00,,0.00,0.00,25.65,25.65,0.00,,0.00,,,0.00,0.00,0.00,,,0.00,0.00,,,,,,,0.00,0.00,,,0.00,0.00,,0.00,,,,64.90,,,,,,,,,,,,,,,,,,,,,,,,,,,,,,,,,,,,,,,,,,,,,,,,,,,,,,,,,,,,,,,,,,,,,,,,,,,,,,,,,,,,,,,,,,,,,,,,,,,,,,,,,,,,,,,,,,,,,,
1037.00,0.00,9108,0.00,6810.00,0.00,59328.40,0.00,4378,0.00,418.30,0.00,2768,0.00,0.00,0.00,0.00,3826,3826,0.0,0.00,56.9,55.2,25.2,64.8,63.5,43.9,69.7,59.2,0.0,0.00,55.2,56.9,59.2,69.7,43.9,63.5,61598.2,-0.14,51163.4,65144.5,0.00,36.6,0.00,20.0,0,,,,,,,1,0,1,1,0,0,0,25.24,0.00,0.00,0.00,25.24,0.00,,0.00,0.00,0.00,0.00,,,0.00,,,0.00,,,0.00,0.00,0.00,,64.80,,,,,,,,,,,,0.00,0.00,0.00,,,0.00,,,,71.00,0.00,,0.00,0.00,25.24,25.24,0.00,,0.00,,,0.00,0.00,0.00,,,0.00,0.00,,,,,,,0.00,0.00,,,0.00,0.00,,0.00,,,,64.80,,,,,,,,,,,,,,,,,,,,,,,,,,,,,,,,,,,,,,,,,,,,,,,,,,,,,,,,,,,,,,,,,,,,,,,,,,,,,,,,,,,,,,,,,,,,,,,,,,,,,,,,,,,,,,,,,,,,,,
1037.00,0.00,9108,0.00,6810.00,0.00,59328.40,0.00,4378,0.00,418.30,0.00,2768,0.00,0.00,0.00,0.00,3826,3826,0.0,0.00,55.4,53.5,17.6,64.6,63.4,43.7,69.8,59.1,0.0,0.00,53.5,55.4,59.1,69.8,43.7,63.4,61598.2,4.62,51163.4,65144.5,0.00,36.6,0.00,13.1,0,,,,,,,1,0,1,1,0,0,0,17.63,0.00,0.00,0.00,17.63,0.00,,0.00,0.00,0.00,0.00,,,0.00,,,0.00,,,0.00,0.00,0.00,,64.61,,,,,,,,,,,,0.00,0.00,0.00,,,0.00,,,,71.00,0.00,,0.00,0.00,17.63,17.63,0.00,,0.00,,,0.00,0.00,0.00,,,0.00,0.00,,,,,,,0.00,0.00,,,0.00,0.00,,0.00,,,,64.61,,,,,,,,,,,,,,,,,,,,,,,,,,,,,,,,,,,,,,,,,,,,,,,,,,,,,,,,,,,,,,,,,,,,,,,,,,,,,,,,,,,,,,,,,,,,,,,,,,,,,,,,,,,,,,,,,,,,,,
1037.00,0.00,9108,0.00,6810.00,0.00,59328.40,0.00,4378,0.00,418.30,0.00,2768,0.00,0.00,0.00,0.00,3826,3826,0.0,0.00,53.9,51.9,3.6,64.3,63.4,43.5,69.9,58.8,0.0,0.00,51.9,53.9,58.8,69.9,43.5,63.4,61598.2,19.83,51164.6,65144.6,0.00,36.6,0.00,0.4,0,,,,,,,1,0,1,1,0,0,0,3.66,0.00,0.00,0.00,3.66,0.00,,0.00,0.00,0.00,0.00,,,0.00,,,0.00,,,0.00,0.00,0.00,,64.34,,,,,,,,,,,,0.00,0.00,0.00,,,0.00,,,,71.00,0.00,,0.00,0.00,3.66,3.66,0.00,,0.00,,,0.00,0.00,0.00,,,0.00,0.00,,,,,,,0.00,0.00,,,0.00,0.00,,0.00,,,,64.34,,,,,,,,,,,,,,,,,,,,,,,,,,,,,,,,,,,,,,,,,,,,,,,,,,,,,,,,,,,,,,,,,,,,,,,,,,,,,,,,,,,,,,,,,,,,,,,,,,,,,,,,,,,,,,,,,,,,,,
1037.00,0.00,9108,0.00,6810.00,0.00,59328.40,0.00,4378,0.00,418.30,0.00,2768,0.00,0.00,0.00,0.00,3826,3826,0.0,0.00,52.4,50.3,4.0,63.9,63.5,43.4,69.8,58.5,0.0,0.00,50.3,52.4,58.5,69.8,43.4,63.5,61598.2,19.82,51169.5,65144.6,0.00,36.6,0.00,1.0,0,,,,,,,1,0,1,1,0,0,0,4.07,0.00,0.00,0.00,4.07,0.00,,0.00,0.00,0.00,0.00,,,0.00,,,0.00,,,0.00,0.00,0.00,,63.99,,,,,,,,,,,,0.00,0.00,0.00,,,0.00,,,,71.00,0.00,,0.00,0.00,4.07,4.07,0.00,,0.00,,,0.00,0.00,0.00,,,0.00,0.00,,,,,,,0.00,0.00,,,0.00,0.00,,0.00,,,,63.99,,,,,,,,,,,,,,,,,,,,,,,,,,,,,,,,,,,,,,,,,,,,,,,,,,,,,,,,,,,,,,,,,,,,,,,,,,,,,,,,,,,,,,,,,,,,,,,,,,,,,,,,,,,,,,,,,,,,,,
1037.00,0.00,9108,0.00,6810.00,0.00,59328.40,0.00,4378,0.00,418.30,0.00,2768,0.00,0.00,0.00,0.00,3826,3826,0.0,0.00,51.1,48.9,1.2,63.6,63.4,43.5,69.7,58.2,0.0,0.00,48.9,51.1,58.2,69.7,43.5,63.4,61598.2,19.82,51174.5,65144.6,0.00,36.6,0.00,0.0,0,,,,,,,1,0,1,1,0,0,0,1.28,0.00,0.00,0.00,1.22,0.00,,0.00,0.00,0.00,0.00,,,0.00,,,0.00,,,0.00,0.00,0.00,,63.65,,,,,,,,,,,,0.00,0.00,0.00,,,0.00,,,,71.00,0.00,,0.00,0.00,1.22,1.22,0.00,,0.00,,,0.00,0.00,0.00,,,0.00,0.00,,,,,,,0.00,0.00,,,0.00,0.00,,0.00,,,,63.65,,,,,,,,,,,,,,,,,,,,,,,,,,,,,,,,,,,,,,,,,,,,,,,,,,,,,,,,,,,,,,,,,,,,,,,,,,,,,,,,,,,,,,,,,,,,,,,,,,,,,,,,,,,,,,,,,,,,,,
1037.00,0.00,9108,0.00,6810.00,0.00,59328.40,0.00,4378,0.00,418.30,0.00,2768,0.00,0.00,0.00,0.00,3826,3826,0.0,0.00,49.8,47.5,1.7,63.3,63.4,43.8,69.9,57.8,0.0,0.00,47.5,49.8,57.8,69.9,43.8,63.4,61598.2,18.56,51179.4,65144.6,0.00,36.6,0.00,0.5,0,,,,,,,1,0,1,1,0,0,0,1.91,0.00,0.00,0.00,1.76,0.00,,0.00,0.00,0.00,0.00,,,0.00,,,0.00,,,0.00,0.00,0.00,,63.30,,,,,,,,,,,,0.00,0.00,0.00,,,0.00,,,,71.00,0.00,,0.00,0.00,1.76,1.76,0.00,,0.00,,,0.00,0.00,0.00,,,0.00,0.00,,,,,,,0.00,0.00,,,0.00,0.00,,0.00,,,,63.30,,,,,,,,,,,,,,,,,,,,,,,,,,,,,,,,,,,,,,,,,,,,,,,,,,,,,,,,,,,,,,,,,,,,,,,,,,,,,,,,,,,,,,,,,,,,,,,,,,,,,,,,,,,,,,,,,,,,,,
1037.00,0.00,9108,0.00,6810.00,0.00,59328.40,0.00,4378,0.00,418.30,0.00,2768,0.00,0.00,0.00,0.00,3826,3826,0.0,0.00,48.6,46.2,4.8,62.9,63.4,44.3,69.8,57.4,0.0,0.00,46.2,48.6,57.4,69.8,44.3,63.4,61598.2,14.87,51184.1,65144.6,0.00,36.6,0.00,1.6,0,,,,,,,1,0,1,1,0,0,0,4.81,0.00,0.00,0.00,4.81,0.00,,0.00,0.00,0.00,0.00,,,0.00,,,0.00,,,0.00,0.00,0.00,,62.97,,,,,,,,,,,,0.00,0.00,0.00,,,0.00,,,,71.00,0.00,,0.00,0.00,4.81,4.81,0.00,,0.00,,,0.00,0.00,0.00,,,0.00,0.00,,,,,,,0.00,0.00,,,0.00,0.00,,0.00,,,,62.97,,,,,,,,,,,,,,,,,,,,,,,,,,,,,,,,,,,,,,,,,,,,,,,,,,,,,,,,,,,,,,,,,,,,,,,,,,,,,,,,,,,,,,,,,,,,,,,,,,,,,,,,,,,,,,,,,,,,,,
1037.00,0.00,9108,0.00,6810.00,0.00,59328.40,0.00,4378,0.00,418.30,0.00,2768,0.00,0.00,0.00,0.00,3826,3826,0.0,0.00,47.5,45.0,3.9,62.6,63.4,44.9,69.7,57.0,0.0,0.00,45.0,47.5,57.0,69.7,44.9,63.4,61598.2,14.87,51187.8,65144.6,0.00,36.6,0.00,1.0,0,,,,,,,1,0,1,1,0,0,0,3.93,0.00,0.00,0.00,3.93,0.00,,0.00,0.00,0.00,0.00,,,0.00,,,0.00,,,0.00,0.00,0.00,,62.62,,,,,,,,,,,,0.00,0.00,0.00,,,0.00,,,,71.00,0.00,,0.00,0.00,3.93,3.93,0.00,,0.00,,,0.00,0.00,0.00,,,0.00,0.00,,,,,,,0.00,0.00,,,0.00,0.00,,0.00,,,,62.62,,,,,,,,,,,,,,,,,,,,,,,,,,,,,,,,,,,,,,,,,,,,,,,,,,,,,,,,,,,,,,,,,,,,,,,,,,,,,,,,,,,,,,,,,,,,,,,,,,,,,,,,,,,,,,,,,,,,,,
1037.00,0.00,9108,0.00,6810.00,0.00,59328.40,0.00,4378,1.95,418.30,0.00,2768,0.00,0.00,0.00,0.00,3826,3826,0.0,0.00,46.3,43.9,13.8,62.2,63.4,45.8,69.7,56.6,0.0,0.00,43.9,46.3,56.6,69.7,45.8,63.4,61598.2,6.58,51191.5,65144.6,0.00,36.6,0.00,10.2,0,,,,,,,1,0,1,1,0,0,0,13.80,0.00,0.00,0.00,13.80,0.00,,0.00,0.00,0.00,0.00,,,0.00,,,0.00,,,0.00,0.00,0.00,,62.29,,,,,,,,,,,,1.95,0.00,0.00,,,0.00,,,,71.00,0.00,,0.00,0.00,13.80,13.80,0.00,,0.00,,,0.00,0.00,0.00,,,0.00,0.00,,,,,,,1.95,0.00,,,0.00,0.00,,1.95,,,,62.29,,,,,,,,,,,,,,,,,,,,,,,,,,,,,,,,,,,,,,,,,,,,,,,,,,,,,,,,,,,,,,,,,,,,,,,,,,,,,,,,,,,,,,,,,,,,,,,,,,,,,,,,,,,,,,,,,,,,,,
1037.00,0.00,9108,0.00,6810.00,0.00,59328.40,0.00,4379,2.00,418.30,0.00,2768,0.00,0.00,0.00,0.00,3826,3826,0.0,0.00,45.3,42.8,22.2,61.9,63.2,46.8,69.6,56.2,0.0,0.00,42.8,45.3,56.2,69.6,46.8,63.2,61598.2,-0.56,51193.7,65145.1,0.00,36.6,0.00,18.3,0,,,,,,,1,0,1,1,0,0,0,22.22,0.00,0.00,0.00,22.22,0.00,,0.00,0.00,0.00,0.00,,,0.00,,,0.00,,,0.00,0.00,0.00,,61.97,,,,,,,,,,,,2.00,0.00,0.00,,,0.00,,,,71.00,0.00,,0.00,0.00,22.22,22.22,0.00,,0.00,,,0.00,0.00,0.00,,,0.00,0.00,,,,,,,2.00,0.00,,,0.00,0.00,,2.00,,,,61.97,,,,,,,,,,,,,,,,,,,,,,,,,,,,,,,,,,,,,,,,,,,,,,,,,,,,,,,,,,,,,,,,,,,,,,,,,,,,,,,,,,,,,,,,,,,,,,,,,,,,,,,,,,,,,,,,,,,,,,
1037.00,0.00,9108,0.00,6810.00,0.00,59328.40,0.00,4379,0.04,418.30,0.00,2768,0.00,0.00,0.00,0.00,3826,3826,0.0,0.00,44.3,41.8,20.0,61.6,63.3,47.8,69.5,55.8,0.0,0.00,41.8,44.3,55.8,69.5,47.8,63.3,61598.2,-0.13,51194.3,65145.9,0.00,36.6,0.00,16.1,0,,,,,,,1,0,1,1,0,0,0,20.06,0.00,0.00,0.00,20.06,0.00,,0.00,0.00,0.00,0.00,,,0.00,,,0.00,,,0.00,0.00,0.00,,61.67,,,,,,,,,,,,0.04,0.00,0.00,,,0.00,,,,71.00,0.00,,0.00,0.00,20.06,20.06,0.00,,0.00,,,0.00,0.00,0.00,,,0.00,0.00,,,,,,,0.04,0.00,,,0.00,0.00,,0.04,,,,61.67,,,,,,,,,,,,,,,,,,,,,,,,,,,,,,,,,,,,,,,,,,,,,,,,,,,,,,,,,,,,,,,,,,,,,,,,,,,,,,,,,,,,,,,,,,,,,,,,,,,,,,,,,,,,,,,,,,,,,,
1037.00,0.00,9108,0.00,6810.00,0.00,59328.40,0.00,4379,0.00,418.30,0.00,2768,0.00,0.00,0.00,0.00,3826,3826,0.0,0.00,43.4,40.8,20.1,61.3,63.4,48.7,69.4,55.5,0.0,0.00,40.8,43.4,55.5,69.4,48.7,63.4,61598.2,-0.13,51194.3,65145.9,0.00,36.6,0.00,16.3,0,,,,,,,1,0,1,1,0,0,0,20.16,0.00,0.00,0.00,20.16,0.00,,0.00,0.00,0.00,0.00,,,0.00,,,0.00,,,0.00,0.00,0.00,,61.34,,,,,,,,,,,,0.00,0.00,0.00,,,0.00,,,,71.00,0.00,,0.00,0.00,20.16,20.16,0.00,,0.00,,,0.00,0.00,0.00,,,0.00,0.00,,,,,,,0.00,0.00,,,0.00,0.00,,0.00,,,,61.34,,,,,,,,,,,,,,,,,,,,,,,,,,,,,,,,,,,,,,,,,,,,,,,,,,,,,,,,,,,,,,,,,,,,,,,,,,,,,,,,,,,,,,,,,,,,,,,,,,,,,,,,,,,,,,,,,,,,,,
1037.00,0.00,9108,0.00,6810.00,0.00,59328.40,0.00,4379,0.00,418.30,0.00,2768,0.00,0.00,0.00,0.00,3826,3826,0.0,0.00,42.5,39.9,19.1,61.0,63.4,49.4,69.3,55.1,0.0,0.00,39.9,42.5,55.1,69.3,49.4,63.4,61598.2,-0.13,51194.3,65145.9,0.00,36.6,0.00,15.4,0,,,,,,,1,0,1,1,0,0,0,19.18,0.00,0.00,0.00,19.18,0.00,,0.00,0.00,0.00,0.00,,,0.00,,,0.00,,,0.00,0.00,0.00,,61.03,,,,,,,,,,,,0.00,0.00,0.00,,,0.00,,,,71.00,0.00,,0.00,0.00,19.18,19.18,0.00,,0.00,,,0.00,0.00,0.00,,,0.00,0.00,,,,,,,0.00,0.00,,,0.00,0.00,,0.00,,,,61.03,,,,,,,,,,,,,,,,,,,,,,,,,,,,,,,,,,,,,,,,,,,,,,,,,,,,,,,,,,,,,,,,,,,,,,,,,,,,,,,,,,,,,,,,,,,,,,,,,,,,,,,,,,,,,,,,,,,,,,
1037.00,0.00,9108,0.00,6810.00,0.00,59328.40,0.00,4379,0.00,418.30,0.00,2768,0.00,0.00,0.00,0.00,3826,3826,0.0,0.00,41.6,39.1,18.5,60.7,63.5,49.8,69.1,54.7,0.0,0.00,39.1,41.6,54.7,69.1,49.8,63.5,61598.2,-0.13,51194.3,65146.0,0.00,36.6,0.00,14.8,0,,,,,,,1,0,1,1,0,0,0,18.54,0.00,0.00,0.00,18.54,0.00,,0.00,0.00,0.00,0.00,,,0.00,,,0.00,,,0.00,0.00,0.00,,60.73,,,,,,,,,,,,0.00,0.00,0.00,,,0.00,,,,71.00,0.00,,0.00,0.00,18.54,18.54,0.00,,0.00,,,0.00,0.00,0.00,,,0.00,0.00,,,,,,,0.00,0.00,,,0.00,0.00,,0.00,,,,60.73,,,,,,,,,,,,,,,,,,,,,,,,,,,,,,,,,,,,,,,,,,,,,,,,,,,,,,,,,,,,,,,,,,,,,,,,,,,,,,,,,,,,,,,,,,,,,,,,,,,,,,,,,,,,,,,,,,,,,,
1037.00,0.00,9108,0.00,6810.00,0.00,59328.40,0.00,4379,0.00,418.30,0.00,2768,0.00,0.00,0.00,0.00,3826,3826,0.0,0.00,40.7,38.2,18.7,60.4,63.5,49.4,69.2,54.3,0.0,0.00,38.2,40.7,54.3,69.2,49.4,63.5,61598.2,-0.14,51194.3,65146.0,0.00,36.6,0.00,15.0,0,,,,,,,1,0,1,1,0,0,0,18.77,0.00,0.00,0.00,18.77,0.00,,0.00,0.00,0.00,0.00,,,0.00,,,0.00,,,0.00,0.00,0.00,,60.44,,,,,,,,,,,,0.00,0.00,0.00,,,0.00,,,,71.00,0.00,,0.00,0.00,18.77,18.77,0.00,,0.00,,,0.00,0.00,0.00,,,0.00,0.00,,,,,,,0.00,0.00,,,0.00,0.00,,0.00,,,,60.44,,,,,,,,,,,,,,,,,,,,,,,,,,,,,,,,,,,,,,,,,,,,,,,,,,,,,,,,,,,,,,,,,,,,,,,,,,,,,,,,,,,,,,,,,,,,,,,,,,,,,,,,,,,,,,,,,,,,,,
1037.00,0.00,9108,0.00,6810.00,0.00,59328.40,0.00,4379,0.00,418.30,0.00,2768,0.00,0.00,0.00,0.00,3826,3826,0.0,0.00,39.9,37.4,20.2,60.1,64.1,47.5,68.9,53.9,0.0,0.00,37.4,39.9,53.9,68.9,47.5,64.1,61598.2,-0.14,51194.3,65146.0,0.00,36.6,0.00,16.4,0,,,,,,,1,0,1,1,0,0,0,20.26,0.00,0.00,0.00,20.26,0.00,,0.00,0.00,0.00,0.00,,,0.00,,,0.00,,,0.00,0.00,0.00,,60.13,,,,,,,,,,,,0.00,0.00,0.00,,,0.00,,,,71.00,0.00,,0.00,0.00,20.26,20.26,0.00,,0.00,,,0.00,0.00,0.00,,,0.00,0.00,,,,,,,0.00,0.00,,,0.00,0.00,,0.00,,,,60.13,,,,,,,,,,,,,,,,,,,,,,,,,,,,,,,,,,,,,,,,,,,,,,,,,,,,,,,,,,,,,,,,,,,,,,,,,,,,,,,,,,,,,,,,,,,,,,,,,,,,,,,,,,,,,,,,,,,,,,
1037.00,0.00,9108,0.00,6810.00,0.00,59328.40,0.00,4379,0.00,418.30,0.00,2768,0.00,0.00,0.00,0.00,3826,3826,0.0,0.00,39.1,36.7,20.8,59.8,63.9,45.8,68.8,53.6,0.0,0.00,36.7,39.1,53.6,68.8,45.8,63.9,61598.2,-0.14,51194.3,65146.1,0.00,36.6,0.00,16.9,0,,,,,,,1,0,1,1,0,0,0,20.86,0.00,0.00,0.00,20.86,0.00,,0.00,0.00,0.00,0.00,,,0.00,,,0.00,,,0.00,0.00,0.00,,59.84,,,,,,,,,,,,0.00,0.00,0.00,,,0.00,,,,71.00,0.00,,0.00,0.00,20.86,20.86,0.00,,0.00,,,0.00,0.00,0.00,,,0.00,0.00,,,,,,,0.00,0.00,,,0.00,0.00,,0.00,,,,59.84,,,,,,,,,,,,,,,,,,,,,,,,,,,,,,,,,,,,,,,,,,,,,,,,,,,,,,,,,,,,,,,,,,,,,,,,,,,,,,,,,,,,,,,,,,,,,,,,,,,,,,,,,,,,,,,,,,,,,,
1037.00,0.00,9108,0.00,6810.00,0.00,59328.40,0.00,4379,0.00,418.30,0.00,2768,0.00,0.00,0.00,0.00,3826,3826,0.0,0.00,38.4,36.1,19.2,59.5,63.6,45.2,68.6,53.3,0.0,0.00,36.1,38.4,53.3,68.6,45.2,63.6,61598.2,-0.14,51194.3,65146.1,0.00,36.6,0.00,15.4,0,,,,,,,1,0,1,1,0,0,0,19.27,0.00,0.00,0.00,19.27,0.00,,0.00,0.00,0.00,0.00,,,0.00,,,0.00,,,0.00,0.00,0.00,,59.57,,,,,,,,,,,,0.00,0.00,0.00,,,0.00,,,,71.00,0.00,,0.00,0.00,19.27,19.27,0.00,,0.00,,,0.00,0.00,0.00,,,0.00,0.00,,,,,,,0.00,0.00,,,0.00,0.00,,0.00,,,,59.57,,,,,,,,,,,,,,,,,,,,,,,,,,,,,,,,,,,,,,,,,,,,,,,,,,,,,,,,,,,,,,,,,,,,,,,,,,,,,,,,,,,,,,,,,,,,,,,,,,,,,,,,,,,,,,,,,,,,,,
